Old Index,Name,Category,Gender
1,adidas,A141 Sportswear & Athleticwear,0
2,alias,A141 Sportswear & Athleticwear,0
3,asics,A141 Sportswear & Athleticwear,0
4,assos,A141 Sportswear & Athleticwear,0
5,athleta,A141 Sportswear & Athleticwear,1
6,biink,A141 Sportswear & Athleticwear,0
7,bogner,A141 Sportswear & Athleticwear,0
8,calia,A141 Sportswear & Athleticwear,1
9,compressport,A141 Sportswear & Athleticwear,0
10,converse,A141 Sportswear & Athleticwear,1
11,cortech,A141 Sportswear & Athleticwear,0
12,dainese,A141 Sportswear & Athleticwear,1
13,dirtbaggies,A141 Sportswear & Athleticwear,0
14,dkny,A141 Sportswear & Athleticwear,1
15,endura,A141 Sportswear & Athleticwear,1
16,fila,A141 Sportswear & Athleticwear,1
17,garneau,A141 Sportswear & Athleticwear,1
18,gill,A141 Sportswear & Athleticwear,0
19,giordana,A141 Sportswear & Athleticwear,1
20,huk,A141 Sportswear & Athleticwear,0
21,hylete,A141 Sportswear & Athleticwear,1
22,kjus,A141 Sportswear & Athleticwear,0
23,ktm,A141 Sportswear & Athleticwear,0
24,laird,A141 Sportswear & Athleticwear,0
25,leatt,A141 Sportswear & Athleticwear,0
26,lululemon,A141 Sportswear & Athleticwear,0
27,mika,A141 Sportswear & Athleticwear,1
28,mobius,A141 Sportswear & Athleticwear,0
29,mondor,A141 Sportswear & Athleticwear,0
30,mudgear,A141 Sportswear & Athleticwear,0
31,nike,A141 Sportswear & Athleticwear,1
32,ornot,A141 Sportswear & Athleticwear,0
33,orsden,A141 Sportswear & Athleticwear,0
34,proviz,A141 Sportswear & Athleticwear,0
35,puma,A141 Sportswear & Athleticwear,1
36,quiksilver,A141 Sportswear & Athleticwear,0
37,rapha,A141 Sportswear & Athleticwear,1
38,reebok,A141 Sportswear & Athleticwear,0
39,roka,A141 Sportswear & Athleticwear,1
40,scott,A141 Sportswear & Athleticwear,0
41,simpson,A141 Sportswear & Athleticwear,0
42,spidi,A141 Sportswear & Athleticwear,1
43,thor,A141 Sportswear & Athleticwear,0
44,vans,A141 Sportswear & Athleticwear,0
45,varsity,A141 Sportswear & Athleticwear,1
46,voler,A141 Sportswear & Athleticwear,0
47,zeeni,A141 Sportswear & Athleticwear,1
48,zoot,A141 Sportswear & Athleticwear,0
49,barbour,A141 Sportswear & Athleticwear,0
50,berrylook,A141 Sportswear & Athleticwear,0
51,blair,A141 Sportswear & Athleticwear,0
52,bluffworks,A141 Sportswear & Athleticwear,0
53,bonobos,A141 Sportswear & Athleticwear,0
54,callaway,A141 Sportswear & Athleticwear,1
55,carhartt,A141 Sportswear & Athleticwear,0
56,carters,A141 Sportswear & Athleticwear,0
57,chaps,A141 Sportswear & Athleticwear,0
58,columbia,A141 Sportswear & Athleticwear,1
59,covers,A141 Sportswear & Athleticwear,0
60,criquet,A141 Sportswear & Athleticwear,0
61,cubavera,A141 Sportswear & Athleticwear,1
62,customink,A141 Sportswear & Athleticwear,0
63,delta,A141 Sportswear & Athleticwear,1
64,dickies,A141 Sportswear & Athleticwear,0
65,dockers,A141 Sportswear & Athleticwear,0
66,dolfin,A141 Sportswear & Athleticwear,0
67,duer,A141 Sportswear & Athleticwear,0
68,filson,A141 Sportswear & Athleticwear,0
69,gabba,A141 Sportswear & Athleticwear,1
70,gamiss,A141 Sportswear & Athleticwear,0
71,gillz,A141 Sportswear & Athleticwear,0
72,globus,A141 Sportswear & Athleticwear,0
73,goodthreads,A141 Sportswear & Athleticwear,0
74,gq,A141 Sportswear & Athleticwear,0
75,haggar,A141 Sportswear & Athleticwear,0
76,hanes,A141 Sportswear & Athleticwear,0
77,healincomfort,A141 Sportswear & Athleticwear,0
78,hincapie,A141 Sportswear & Athleticwear,1
79,hollister,A141 Sportswear & Athleticwear,0
80,izod,A141 Sportswear & Athleticwear,0
81,joamom,A141 Sportswear & Athleticwear,0
82,kooples,A141 Sportswear & Athleticwear,0
83,lee,A141 Sportswear & Athleticwear,1
84,levis,A141 Sportswear & Athleticwear,0
85,milwaukee,A141 Sportswear & Athleticwear,1
86,mnml,A141 Sportswear & Athleticwear,0
87,nautica,A141 Sportswear & Athleticwear,1
88,nehera,A141 Sportswear & Athleticwear,1
89,odyssey,A141 Sportswear & Athleticwear,1
90,pandora,A141 Sportswear & Athleticwear,1
91,patagonia,A141 Sportswear & Athleticwear,1
92,poplin,A141 Sportswear & Athleticwear,0
93,prada,A141 Sportswear & Athleticwear,1
94,primease,A141 Sportswear & Athleticwear,1
95,rapala,A141 Sportswear & Athleticwear,1
96,ribbedtee,A141 Sportswear & Athleticwear,1
97,sefamerve,A141 Sportswear & Athleticwear,1
98,stantt,A141 Sportswear & Athleticwear,0
99,supermodels,A141 Sportswear & Athleticwear,0
100,threds,A141 Sportswear & Athleticwear,0
101,tucker,A141 Sportswear & Athleticwear,0
102,untuckit,A141 Sportswear & Athleticwear,0
103,venus,A141 Sportswear & Athleticwear,0
104,versace,A141 Sportswear & Athleticwear,1
105,vince,A141 Sportswear & Athleticwear,1
106,yoins,A141 Sportswear & Athleticwear,0
107,zanella,A141 Sportswear & Athleticwear,1
108,zorrel,A141 Sportswear & Athleticwear,0
109,zubaz,A141 Sportswear & Athleticwear,0
110,alegria,A311 Womens Shoes & Boots,1
111,amalfi,A311 Womens Shoes & Boots,1
112,andrea,A311 Womens Shoes & Boots,1
113,aquatalia,A311 Womens Shoes & Boots,1
114,ara,A311 Womens Shoes & Boots,1
115,arche,A311 Womens Shoes & Boots,1
116,balenciaga,A311 Womens Shoes & Boots,1
117,bally,A311 Womens Shoes & Boots,1
118,balmain,A311 Womens Shoes & Boots,0
119,berrylook,A311 Womens Shoes & Boots,0
120,birkenstock,A311 Womens Shoes & Boots,0
121,boden,A311 Womens Shoes & Boots,0
122,coolway,A311 Womens Shoes & Boots,1
123,cougar,A311 Womens Shoes & Boots,0
124,crocs,A311 Womens Shoes & Boots,0
125,dior,A311 Womens Shoes & Boots,0
126,feelgoodz,A311 Womens Shoes & Boots,0
127,fitflop,A311 Womens Shoes & Boots,0
128,fuchsia,A311 Womens Shoes & Boots,1
129,gurus,A311 Womens Shoes & Boots,0
130,havaianas,A311 Womens Shoes & Boots,0
131,hermes,A311 Womens Shoes & Boots,0
132,kyboot,A311 Womens Shoes & Boots,0
133,mara,A311 Womens Shoes & Boots,1
134,melissa,A311 Womens Shoes & Boots,1
135,naturalizer,A311 Womens Shoes & Boots,0
136,nina,A311 Womens Shoes & Boots,1
137,novus,A311 Womens Shoes & Boots,0
138,pikolinos,A311 Womens Shoes & Boots,0
139,prada,A311 Womens Shoes & Boots,1
140,rampage,A311 Womens Shoes & Boots,1
141,skechers,A311 Womens Shoes & Boots,0
142,soda,A311 Womens Shoes & Boots,1
143,sorel,A311 Womens Shoes & Boots,0
144,superfeet,A311 Womens Shoes & Boots,0
145,tecovas,A311 Womens Shoes & Boots,0
146,tods,A311 Womens Shoes & Boots,0
147,troentorp,A311 Womens Shoes & Boots,0
148,twigy,A311 Womens Shoes & Boots,1
149,adidas,A321 Sneakers,0
150,altra,A321 Sneakers,1
151,asics,A321 Sneakers,0
152,bally,A321 Sneakers,1
153,bata,A321 Sneakers,1
154,brooks,A321 Sneakers,0
155,columbia,A321 Sneakers,1
156,converse,A321 Sneakers,1
157,crocs,A321 Sneakers,0
158,ellesse,A321 Sneakers,1
159,fila,A321 Sneakers,1
160,greats,A321 Sneakers,0
161,naturalizer,A321 Sneakers,0
162,nehera,A321 Sneakers,1
163,nfinity,A321 Sneakers,1
164,nike,A321 Sneakers,1
165,nobull,A321 Sneakers,0
166,oboz,A321 Sneakers,0
167,oofos,A321 Sneakers,0
168,puma,A321 Sneakers,1
169,reebok,A321 Sneakers,0
170,rockport,A321 Sneakers,0
171,ryka,A321 Sneakers,1
172,skechers,A321 Sneakers,0
173,skicks,A321 Sneakers,0
174,sperry,A321 Sneakers,1
175,supra,A321 Sneakers,1
176,vans,A321 Sneakers,0
177,akris,A411 Handbags,0
178,balenciaga,A411 Handbags,1
179,bally,A411 Handbags,1
180,balmain,A411 Handbags,0
181,bandolier,A411 Handbags,0
182,brahmin,A411 Handbags,0
183,celine,A411 Handbags,1
184,chanel,A411 Handbags,0
185,dclassica,A411 Handbags,1
186,dior,A411 Handbags,0
187,dkny,A411 Handbags,1
188,fendi,A411 Handbags,1
189,fregoli,A411 Handbags,1
190,frye,A411 Handbags,1
191,givenchy,A411 Handbags,1
192,hermes,A411 Handbags,0
193,jemma,A411 Handbags,1
194,lanvin,A411 Handbags,0
195,loewe,A411 Handbags,1
196,longchamp,A411 Handbags,0
197,maxmara,A411 Handbags,1
198,mcm,A411 Handbags,0
199,moynat,A411 Handbags,0
200,nehera,A411 Handbags,1
201,oncour,A411 Handbags,0
202,prada,A411 Handbags,1
203,roth,A411 Handbags,0
204,samara,A411 Handbags,1
205,senreve,A411 Handbags,1
206,spartina,A411 Handbags,1
207,tiffany,A411 Handbags,1
208,tods,A411 Handbags,0
209,babiators,A430 Sunglasses,0
210,cartier,A430 Sunglasses,0
211,celine,A430 Sunglasses,1
212,chanel,A430 Sunglasses,0
213,costa,A430 Sunglasses,1
214,daysight,A430 Sunglasses,0
215,dior,A430 Sunglasses,0
216,dkny,A430 Sunglasses,1
217,elle,A430 Sunglasses,1
218,ess,A430 Sunglasses,0
219,eyezz,A430 Sunglasses,0
220,fendi,A430 Sunglasses,1
221,gamiss,A430 Sunglasses,0
222,gatorz,A430 Sunglasses,0
223,givenchy,A430 Sunglasses,1
224,goodr,A430 Sunglasses,0
225,illesteva,A430 Sunglasses,1
226,kaenon,A430 Sunglasses,0
227,krewe,A430 Sunglasses,1
228,longchamp,A430 Sunglasses,0
229,luxottica,A430 Sunglasses,1
230,maxmara,A430 Sunglasses,1
231,mykita,A430 Sunglasses,1
232,oakley,A430 Sunglasses,1
233,popticals,A430 Sunglasses,0
234,prada,A430 Sunglasses,1
235,rocklands,A430 Sunglasses,0
236,roka,A430 Sunglasses,1
237,shadetree,A430 Sunglasses,1
238,tiffany,A430 Sunglasses,1
239,vense,A430 Sunglasses,1
240,voca,A430 Sunglasses,1
241,zeal,A430 Sunglasses,0
242,citi,B111 Credit Cards,1
243,disney,B111 Credit Cards,1
244,ebay,B111 Credit Cards,1
245,jcb,B111 Credit Cards,0
246,macerich,B111 Credit Cards,0
247,mastercard,B111 Credit Cards,0
248,salesloft,B111 Credit Cards,0
249,santander,B111 Credit Cards,0
250,scotiabank,B111 Credit Cards,0
251,visa,B111 Credit Cards,1
252,walmart,B111 Credit Cards,0
253,speedway,B111 Credit Cards,1
254,ethereum,B111 Credit Cards,0
255,prosper,B111 Credit Cards,0
256,marqeta,B111 Credit Cards,1
257,netspend,B111 Credit Cards,0
258,paypal,B111 Credit Cards,0
259,univision,B111 Credit Cards,0
260,svm,B111 Credit Cards,0
261,cabbux,B111 Credit Cards,0
262,exxonmobil,B111 Credit Cards,0
263,foodiecards,B111 Credit Cards,0
264,fuelman,B111 Credit Cards,0
265,echarge,B111 Credit Cards,1
266,aarp,B122 Investment Products & Services (Excluding Retirement),0
267,alps,B122 Investment Products & Services (Excluding Retirement),0
268,ameritrade,B122 Investment Products & Services (Excluding Retirement),1
269,avistone,B122 Investment Products & Services (Excluding Retirement),1
270,betashares,B122 Investment Products & Services (Excluding Retirement),0
271,blackrock,B122 Investment Products & Services (Excluding Retirement),0
272,bloomberg,B122 Investment Products & Services (Excluding Retirement),0
273,direxion,B122 Investment Products & Services (Excluding Retirement),0
274,fidelity,B122 Investment Products & Services (Excluding Retirement),1
275,gotham,B122 Investment Products & Services (Excluding Retirement),0
276,guggenheim,B122 Investment Products & Services (Excluding Retirement),0
277,highmark,B122 Investment Products & Services (Excluding Retirement),0
278,horizons,B122 Investment Products & Services (Excluding Retirement),0
279,icon,B122 Investment Products & Services (Excluding Retirement),0
280,invesco,B122 Investment Products & Services (Excluding Retirement),1
281,kpmg,B122 Investment Products & Services (Excluding Retirement),0
282,liquidnet,B122 Investment Products & Services (Excluding Retirement),0
283,marsico,B122 Investment Products & Services (Excluding Retirement),1
284,nationwide,B122 Investment Products & Services (Excluding Retirement),1
285,oppenheimerfunds,B122 Investment Products & Services (Excluding Retirement),0
286,proshares,B122 Investment Products & Services (Excluding Retirement),0
287,rochester,B122 Investment Products & Services (Excluding Retirement),0
288,transamerica,B122 Investment Products & Services (Excluding Retirement),1
289,uscf,B122 Investment Products & Services (Excluding Retirement),0
290,vanguard,B122 Investment Products & Services (Excluding Retirement),0
291,vontobel,B122 Investment Products & Services (Excluding Retirement),0
292,advisorworld,B122 Investment Products & Services (Excluding Retirement),0
293,annuityfyi,B122 Investment Products & Services (Excluding Retirement),1
294,annuitywatch,B122 Investment Products & Services (Excluding Retirement),0
295,athene,B122 Investment Products & Services (Excluding Retirement),1
296,metlife,B122 Investment Products & Services (Excluding Retirement),1
297,massmutual,B122 Investment Products & Services (Excluding Retirement),0
298,nextgen,B122 Investment Products & Services (Excluding Retirement),0
299,scholarshare,B122 Investment Products & Services (Excluding Retirement),1
300,tiaa,B122 Investment Products & Services (Excluding Retirement),1
301,ashokfx,B122 Investment Products & Services (Excluding Retirement),0
302,bitconnect,B122 Investment Products & Services (Excluding Retirement),0
303,eoption,B122 Investment Products & Services (Excluding Retirement),0
304,oanda,B122 Investment Products & Services (Excluding Retirement),1
305,sharebid,B122 Investment Products & Services (Excluding Retirement),0
306,thinkorswim,B122 Investment Products & Services (Excluding Retirement),0
307,topsteptrader,B122 Investment Products & Services (Excluding Retirement),0
308,trademonster,B122 Investment Products & Services (Excluding Retirement),0
309,xm,B122 Investment Products & Services (Excluding Retirement),0
310,beamalife,B122 Investment Products & Services (Excluding Retirement),1
311,cfra,B122 Investment Products & Services (Excluding Retirement),1
312,citi,B122 Investment Products & Services (Excluding Retirement),1
313,conterra,B122 Investment Products & Services (Excluding Retirement),1
314,dmm,B122 Investment Products & Services (Excluding Retirement),0
315,ellevest,B122 Investment Products & Services (Excluding Retirement),0
316,envion,B122 Investment Products & Services (Excluding Retirement),0
317,eqeus,B122 Investment Products & Services (Excluding Retirement),0
318,finect,B122 Investment Products & Services (Excluding Retirement),0
319,hawthorn,B122 Investment Products & Services (Excluding Retirement),0
320,nextseed,B122 Investment Products & Services (Excluding Retirement),0
321,nma,B122 Investment Products & Services (Excluding Retirement),1
322,okeydeposit,B122 Investment Products & Services (Excluding Retirement),0
323,stash,B122 Investment Products & Services (Excluding Retirement),0
324,transunion,B122 Investment Products & Services (Excluding Retirement),0
325,usaa,B122 Investment Products & Services (Excluding Retirement),1
326,groundfloor,B122 Investment Products & Services (Excluding Retirement),0
327,peerstreet,B122 Investment Products & Services (Excluding Retirement),0
328,realcrowd,B122 Investment Products & Services (Excluding Retirement),0
329,sharestates,B122 Investment Products & Services (Excluding Retirement),0
330,streitwise,B122 Investment Products & Services (Excluding Retirement),1
331,arborcrowd,B122 Investment Products & Services (Excluding Retirement),0
332,bitcoinira,B122 Investment Products & Services (Excluding Retirement),1
333,bitstrades,B122 Investment Products & Services (Excluding Retirement),0
334,blockweather,B122 Investment Products & Services (Excluding Retirement),0
335,calvert,B122 Investment Products & Services (Excluding Retirement),0
336,crowdwiz,B122 Investment Products & Services (Excluding Retirement),0
337,dealroom,B122 Investment Products & Services (Excluding Retirement),0
338,globofran,B122 Investment Products & Services (Excluding Retirement),0
339,halkbank,B122 Investment Products & Services (Excluding Retirement),0
340,inportal,B122 Investment Products & Services (Excluding Retirement),0
341,instinet,B122 Investment Products & Services (Excluding Retirement),0
342,jefferies,B122 Investment Products & Services (Excluding Retirement),0
343,keybank,B122 Investment Products & Services (Excluding Retirement),0
344,ljpr,B122 Investment Products & Services (Excluding Retirement),0
345,qplum,B122 Investment Products & Services (Excluding Retirement),0
346,santander,B122 Investment Products & Services (Excluding Retirement),0
347,seedinvest,B122 Investment Products & Services (Excluding Retirement),0
348,sharespost,B122 Investment Products & Services (Excluding Retirement),0
349,stackin,B122 Investment Products & Services (Excluding Retirement),0
350,vested,B122 Investment Products & Services (Excluding Retirement),0
351,wealthify,B122 Investment Products & Services (Excluding Retirement),1
352,welltrado,B122 Investment Products & Services (Excluding Retirement),1
353,yieldstreet,B122 Investment Products & Services (Excluding Retirement),0
354,aafmaa,B124 Loan/Credit Products & Services (Consumer),1
355,bankgloucester,B124 Loan/Credit Products & Services (Consumer),0
356,bankrate,B124 Loan/Credit Products & Services (Consumer),1
357,elend,B124 Loan/Credit Products & Services (Consumer),0
358,fhlbanks,B124 Loan/Credit Products & Services (Consumer),0
359,hecm,B124 Loan/Credit Products & Services (Consumer),0
360,homeloans,B124 Loan/Credit Products & Services (Consumer),0
361,iberiabank,B124 Loan/Credit Products & Services (Consumer),0
362,lenda,B124 Loan/Credit Products & Services (Consumer),1
363,loanpal,B124 Loan/Credit Products & Services (Consumer),0
364,lowratesshop,B124 Loan/Credit Products & Services (Consumer),0
365,mortgageamerica,B124 Loan/Credit Products & Services (Consumer),1
366,mortgageleads,B124 Loan/Credit Products & Services (Consumer),0
367,promortgages,B124 Loan/Credit Products & Services (Consumer),0
368,scotiabank,B124 Loan/Credit Products & Services (Consumer),0
369,simplyloans,B124 Loan/Credit Products & Services (Consumer),0
370,thesmartdollar,B124 Loan/Credit Products & Services (Consumer),0
371,tnbank,B124 Loan/Credit Products & Services (Consumer),0
372,uif,B124 Loan/Credit Products & Services (Consumer),0
373,usaa,B124 Loan/Credit Products & Services (Consumer),1
374,aarp,B124 Loan/Credit Products & Services (Consumer),0
375,everbank,B124 Loan/Credit Products & Services (Consumer),0
376,unison,B124 Loan/Credit Products & Services (Consumer),0
377,aecom,B124 Loan/Credit Products & Services (Consumer),0
378,amone,B124 Loan/Credit Products & Services (Consumer),1
379,arrevio,B124 Loan/Credit Products & Services (Consumer),1
380,commonbond,B124 Loan/Credit Products & Services (Consumer),0
381,credible,B124 Loan/Credit Products & Services (Consumer),1
382,edvesinu,B124 Loan/Credit Products & Services (Consumer),1
383,eloan,B124 Loan/Credit Products & Services (Consumer),0
384,lendingusa,B124 Loan/Credit Products & Services (Consumer),1
385,lightstream,B124 Loan/Credit Products & Services (Consumer),0
386,loanback,B124 Loan/Credit Products & Services (Consumer),0
387,loanme,B124 Loan/Credit Products & Services (Consumer),1
388,lowvarates,B124 Loan/Credit Products & Services (Consumer),0
389,mefa,B124 Loan/Credit Products & Services (Consumer),1
390,netcredit,B124 Loan/Credit Products & Services (Consumer),0
391,panchos,B124 Loan/Credit Products & Services (Consumer),0
392,payoff,B124 Loan/Credit Products & Services (Consumer),0
393,paypal,B124 Loan/Credit Products & Services (Consumer),0
394,presteme,B124 Loan/Credit Products & Services (Consumer),1
395,spotloan,B124 Loan/Credit Products & Services (Consumer),0
396,upstart,B124 Loan/Credit Products & Services (Consumer),0
397,aig,B124 Loan/Credit Products & Services (Consumer),0
398,associates,B124 Loan/Credit Products & Services (Consumer),0
399,citimortgage,B124 Loan/Credit Products & Services (Consumer),1
400,elevate,B124 Loan/Credit Products & Services (Consumer),1
401,esp,B124 Loan/Credit Products & Services (Consumer),0
402,fastunsecured,B124 Loan/Credit Products & Services (Consumer),0
403,ifs,B124 Loan/Credit Products & Services (Consumer),0
404,insuradvance,B124 Loan/Credit Products & Services (Consumer),1
405,intech,B124 Loan/Credit Products & Services (Consumer),0
406,kasasa,B124 Loan/Credit Products & Services (Consumer),1
407,lca,B124 Loan/Credit Products & Services (Consumer),1
408,lenderfi,B124 Loan/Credit Products & Services (Consumer),1
409,lendify,B124 Loan/Credit Products & Services (Consumer),1
410,lendkey,B124 Loan/Credit Products & Services (Consumer),1
411,moneycorp,B124 Loan/Credit Products & Services (Consumer),0
412,snapcap,B124 Loan/Credit Products & Services (Consumer),0
413,sunbelt,B124 Loan/Credit Products & Services (Consumer),0
414,comcast,B225 Internet Service Providers (ISP),0
415,accesswire,B225 Internet Service Providers (ISP),1
416,airtel,B225 Internet Service Providers (ISP),0
417,alcatel,B225 Internet Service Providers (ISP),0
418,alyrica,B225 Internet Service Providers (ISP),1
419,armstrong,B225 Internet Service Providers (ISP),0
420,arvig,B225 Internet Service Providers (ISP),0
421,bendbroadband,B225 Internet Service Providers (ISP),0
422,bos,B225 Internet Service Providers (ISP),0
423,casscomm,B225 Internet Service Providers (ISP),0
424,cellcom,B225 Internet Service Providers (ISP),0
425,centurylink,B225 Internet Service Providers (ISP),0
426,cimcorp,B225 Internet Service Providers (ISP),0
427,directv,B225 Internet Service Providers (ISP),0
428,dstreet,B225 Internet Service Providers (ISP),0
429,firstlight,B225 Internet Service Providers (ISP),0
430,fonoma,B225 Internet Service Providers (ISP),1
431,freedompop,B225 Internet Service Providers (ISP),0
432,gonetspeed,B225 Internet Service Providers (ISP),0
433,gvtc,B225 Internet Service Providers (ISP),0
434,htc,B225 Internet Service Providers (ISP),0
435,hughesnet,B225 Internet Service Providers (ISP),0
436,izzi,B225 Internet Service Providers (ISP),1
437,mediacom,B225 Internet Service Providers (ISP),0
438,megapath,B225 Internet Service Providers (ISP),0
439,mweb,B225 Internet Service Providers (ISP),0
440,netizen,B225 Internet Service Providers (ISP),0
441,octopus,B225 Internet Service Providers (ISP),0
442,optimum,B225 Internet Service Providers (ISP),0
443,penteledata,B225 Internet Service Providers (ISP),1
444,powersearch,B225 Internet Service Providers (ISP),0
445,rcn,B225 Internet Service Providers (ISP),0
446,sfr,B225 Internet Service Providers (ISP),0
447,shentel,B225 Internet Service Providers (ISP),0
448,skyroam,B225 Internet Service Providers (ISP),0
449,slingshot,B225 Internet Service Providers (ISP),0
450,starmedia,B225 Internet Service Providers (ISP),1
451,suddenlink,B225 Internet Service Providers (ISP),0
452,tdsnet,B225 Internet Service Providers (ISP),0
453,telcel,B225 Internet Service Providers (ISP),0
454,tpg,B225 Internet Service Providers (ISP),0
455,utopia,B225 Internet Service Providers (ISP),1
456,viasat,B225 Internet Service Providers (ISP),0
457,vtel,B225 Internet Service Providers (ISP),0
458,wizifi,B225 Internet Service Providers (ISP),1
459,xfinity,B225 Internet Service Providers (ISP),1
460,armstrong,B241 Cable TV Providers & Systems,0
461,arvig,B241 Cable TV Providers & Systems,0
462,bendbroadband,B241 Cable TV Providers & Systems,0
463,boycom,B241 Cable TV Providers & Systems,0
464,centurylink,B241 Cable TV Providers & Systems,0
465,comcast,B241 Cable TV Providers & Systems,0
466,eatel,B241 Cable TV Providers & Systems,0
467,izzi,B241 Cable TV Providers & Systems,1
468,mediacom,B241 Cable TV Providers & Systems,0
469,nemont,B241 Cable TV Providers & Systems,0
470,optimum,B241 Cable TV Providers & Systems,0
471,rcn,B241 Cable TV Providers & Systems,0
472,shentel,B241 Cable TV Providers & Systems,0
473,suddenlink,B241 Cable TV Providers & Systems,0
474,xfinity,B241 Cable TV Providers & Systems,1
475,biblica,"B322 Religious, Charitable & Humanitarian",1
476,njicle,"B322 Religious, Charitable & Humanitarian",1
477,diveheart,"B322 Religious, Charitable & Humanitarian",0
478,humankind,"B322 Religious, Charitable & Humanitarian",0
479,lovelikedawson,"B322 Religious, Charitable & Humanitarian",0
480,mycbn,"B322 Religious, Charitable & Humanitarian",0
481,oica,"B322 Religious, Charitable & Humanitarian",1
482,naacp,"B322 Religious, Charitable & Humanitarian",0
483,veloyouth,"B322 Religious, Charitable & Humanitarian",0
484,aacsb,"B322 Religious, Charitable & Humanitarian",0
485,aarp,B430 Insurance Agencies & Brokers,0
486,amica,B430 Insurance Agencies & Brokers,1
487,aopa,B430 Insurance Agencies & Brokers,1
488,envolve,B430 Insurance Agencies & Brokers,1
489,esl,B430 Insurance Agencies & Brokers,0
490,fetcharate,B430 Insurance Agencies & Brokers,1
491,gomedicare,B430 Insurance Agencies & Brokers,1
492,hanover,B430 Insurance Agencies & Brokers,0
493,insurancebee,B430 Insurance Agencies & Brokers,1
494,insurancehub,B430 Insurance Agencies & Brokers,0
495,insurednation,B430 Insurance Agencies & Brokers,0
496,minico,B430 Insurance Agencies & Brokers,1
497,protected,B430 Insurance Agencies & Brokers,0
498,quotewright,B430 Insurance Agencies & Brokers,0
499,zurich,B430 Insurance Agencies & Brokers,0
500,acer,B511 Desktop Computers,0
501,advantech,B511 Desktop Computers,0
502,alienware,B511 Desktop Computers,1
503,cybernet,B511 Desktop Computers,0
504,hp,B511 Desktop Computers,0
505,kangaroo,B511 Desktop Computers,1
506,msi,B511 Desktop Computers,1
507,inkjet,B521 Printers & Printing Accessories,0
508,nanoscribe,B521 Printers & Printing Accessories,1
509,canon,B521 Printers & Printing Accessories,0
510,bigrep,B521 Printers & Printing Accessories,0
511,eos,B521 Printers & Printing Accessories,0
512,formlabs,B521 Printers & Printing Accessories,0
513,intamsys,B521 Printers & Printing Accessories,0
514,markforged,B521 Printers & Printing Accessories,0
515,omniprint,B521 Printers & Printing Accessories,0
516,primera,B521 Printers & Printing Accessories,1
517,ultimaker,B521 Printers & Printing Accessories,0
518,gskink,B521 Printers & Printing Accessories,0
519,hp,B521 Printers & Printing Accessories,0
520,epson,B521 Printers & Printing Accessories,0
521,hitachi,B521 Printers & Printing Accessories,1
522,xante,B521 Printers & Printing Accessories,1
523,xerox,B521 Printers & Printing Accessories,0
524,htmlburger,"B541 Web Design, Domain & Hosting Services",0
525,redframe,"B541 Web Design, Domain & Hosting Services",1
526,virb,"B541 Web Design, Domain & Hosting Services",0
527,catchpoint,"B541 Web Design, Domain & Hosting Services",0
528,cpanel,"B541 Web Design, Domain & Hosting Services",0
529,domaintools,"B541 Web Design, Domain & Hosting Services",0
530,dynadot,"B541 Web Design, Domain & Hosting Services",0
531,elastichosts,"B541 Web Design, Domain & Hosting Services",0
532,hexonet,"B541 Web Design, Domain & Hosting Services",0
533,openx,"B541 Web Design, Domain & Hosting Services",0
534,sitesell,"B541 Web Design, Domain & Hosting Services",0
535,westhost,"B541 Web Design, Domain & Hosting Services",0
536,zoom,"B541 Web Design, Domain & Hosting Services",0
537,blindspot,"B641 TV Networks, Stations & Production Cos",0
538,cbs,"B641 TV Networks, Stations & Production Cos",0
539,centurions,"B641 TV Networks, Stations & Production Cos",0
540,dateline,"B641 TV Networks, Stations & Production Cos",1
541,descontrol,"B641 TV Networks, Stations & Production Cos",0
542,dilbert,"B641 TV Networks, Stations & Production Cos",0
543,doctors,"B641 TV Networks, Stations & Production Cos",0
544,elementary,"B641 TV Networks, Stations & Production Cos",1
545,harry,"B641 TV Networks, Stations & Production Cos",1
546,jeffersons,"B641 TV Networks, Stations & Production Cos",0
547,jeopardy,"B641 TV Networks, Stations & Production Cos",1
548,jumanji,"B641 TV Networks, Stations & Production Cos",1
549,laff,"B641 TV Networks, Stations & Production Cos",0
550,mom,"B641 TV Networks, Stations & Production Cos",0
551,mynetworktv,"B641 TV Networks, Stations & Production Cos",0
552,ncis,"B641 TV Networks, Stations & Production Cos",0
553,optimum,"B641 TV Networks, Stations & Production Cos",0
554,rtve,"B641 TV Networks, Stations & Production Cos",1
555,telemetro,"B641 TV Networks, Stations & Production Cos",1
556,tigre,"B641 TV Networks, Stations & Production Cos",1
557,tmz,"B641 TV Networks, Stations & Production Cos",0
558,unimas,"B641 TV Networks, Stations & Production Cos",0
559,univision,"B641 TV Networks, Stations & Production Cos",0
560,wonderama,"B641 TV Networks, Stations & Production Cos",1
561,creatv,"B641 TV Networks, Stations & Production Cos",0
562,valleypbs,"B641 TV Networks, Stations & Production Cos",0
563,wgn,"B641 TV Networks, Stations & Production Cos",0
564,wtvf,"B641 TV Networks, Stations & Production Cos",0
565,admonsters,"B651 Advertising, Marketing & Printing Svcs",0
566,adtheorent,"B651 Advertising, Marketing & Printing Svcs",0
567,affiliaxe,"B651 Advertising, Marketing & Printing Svcs",1
568,awin,"B651 Advertising, Marketing & Printing Svcs",0
569,bazaarvoice,"B651 Advertising, Marketing & Printing Svcs",1
570,blurb,"B651 Advertising, Marketing & Printing Svcs",0
571,cues,"B651 Advertising, Marketing & Printing Svcs",0
572,dealactivator,"B651 Advertising, Marketing & Printing Svcs",0
573,demoflick,"B651 Advertising, Marketing & Printing Svcs",0
574,designa,"B651 Advertising, Marketing & Printing Svcs",1
575,dinova,"B651 Advertising, Marketing & Printing Svcs",1
576,dixie,"B651 Advertising, Marketing & Printing Svcs",1
577,dovepress,"B651 Advertising, Marketing & Printing Svcs",0
578,earny,"B651 Advertising, Marketing & Printing Svcs",1
579,ebrandz,"B651 Advertising, Marketing & Printing Svcs",0
580,emerse,"B651 Advertising, Marketing & Printing Svcs",1
581,emg,"B651 Advertising, Marketing & Printing Svcs",0
582,ewebresults,"B651 Advertising, Marketing & Printing Svcs",0
583,fastballoons,"B651 Advertising, Marketing & Printing Svcs",0
584,fastsigns,"B651 Advertising, Marketing & Printing Svcs",0
585,flashbay,"B651 Advertising, Marketing & Printing Svcs",1
586,genealogybank,"B651 Advertising, Marketing & Printing Svcs",0
587,gumgum,"B651 Advertising, Marketing & Printing Svcs",0
588,ignitionone,"B651 Advertising, Marketing & Printing Svcs",1
589,iuniverse,"B651 Advertising, Marketing & Printing Svcs",1
590,jkr,"B651 Advertising, Marketing & Printing Svcs",0
591,locbox,"B651 Advertising, Marketing & Printing Svcs",0
592,maingate,"B651 Advertising, Marketing & Printing Svcs",1
593,mediastruction,"B651 Advertising, Marketing & Printing Svcs",0
594,mindshare,"B651 Advertising, Marketing & Printing Svcs",1
595,mindspace,"B651 Advertising, Marketing & Printing Svcs",1
596,mintigo,"B651 Advertising, Marketing & Printing Svcs",1
597,mobilewalla,"B651 Advertising, Marketing & Printing Svcs",1
598,nanigans,"B651 Advertising, Marketing & Printing Svcs",0
599,neustar,"B651 Advertising, Marketing & Printing Svcs",0
600,nextbee,"B651 Advertising, Marketing & Printing Svcs",1
601,outbrain,"B651 Advertising, Marketing & Printing Svcs",0
602,pardot,"B651 Advertising, Marketing & Printing Svcs",0
603,pictarine,"B651 Advertising, Marketing & Printing Svcs",1
604,pims,"B651 Advertising, Marketing & Printing Svcs",0
605,pinchme,"B651 Advertising, Marketing & Printing Svcs",1
606,postnet,"B651 Advertising, Marketing & Printing Svcs",0
607,printup,"B651 Advertising, Marketing & Printing Svcs",0
608,prospectsplus,"B651 Advertising, Marketing & Printing Svcs",0
609,quantcast,"B651 Advertising, Marketing & Printing Svcs",0
610,quickthoughts,"B651 Advertising, Marketing & Printing Svcs",0
611,readercity,"B651 Advertising, Marketing & Printing Svcs",1
612,rethink,"B651 Advertising, Marketing & Printing Svcs",0
613,revlocal,"B651 Advertising, Marketing & Printing Svcs",0
614,rushking,"B651 Advertising, Marketing & Printing Svcs",0
615,screenvision,"B651 Advertising, Marketing & Printing Svcs",0
616,sendblue,"B651 Advertising, Marketing & Printing Svcs",1
617,shareasale,"B651 Advertising, Marketing & Printing Svcs",1
618,silkworm,"B651 Advertising, Marketing & Printing Svcs",0
619,simulmedia,"B651 Advertising, Marketing & Printing Svcs",1
620,sizmek,"B651 Advertising, Marketing & Printing Svcs",0
621,surveyvitals,"B651 Advertising, Marketing & Printing Svcs",0
622,tapad,"B651 Advertising, Marketing & Printing Svcs",0
623,taradel,"B651 Advertising, Marketing & Printing Svcs",0
624,toluna,"B651 Advertising, Marketing & Printing Svcs",1
625,vicspan,"B651 Advertising, Marketing & Printing Svcs",0
626,videa,"B651 Advertising, Marketing & Printing Svcs",1
627,viewfruit,"B651 Advertising, Marketing & Printing Svcs",0
628,vml,"B651 Advertising, Marketing & Printing Svcs",0
629,wistia,"B651 Advertising, Marketing & Printing Svcs",1
630,aip,B721 Office Furniture & Accessories,0
631,alloyfold,B721 Office Furniture & Accessories,0
632,arcadia,B721 Office Furniture & Accessories,1
633,brewer,B721 Office Furniture & Accessories,0
634,dauphin,B721 Office Furniture & Accessories,0
635,deskmakers,B721 Office Furniture & Accessories,0
636,draenert,B721 Office Furniture & Accessories,0
637,fastcubes,B721 Office Furniture & Accessories,0
638,fb,B721 Office Furniture & Accessories,0
639,fellowes,B721 Office Furniture & Accessories,0
640,flexispot,B721 Office Furniture & Accessories,0
641,halcon,B721 Office Furniture & Accessories,0
642,haworth,B721 Office Furniture & Accessories,0
643,ideum,B721 Office Furniture & Accessories,0
644,indiana,B721 Office Furniture & Accessories,1
645,innovant,B721 Office Furniture & Accessories,0
646,kimball,B721 Office Furniture & Accessories,0
647,knoll,B721 Office Furniture & Accessories,0
648,lacandona,B721 Office Furniture & Accessories,1
649,meadows,B721 Office Furniture & Accessories,0
650,ofs,B721 Office Furniture & Accessories,0
651,secretlab,B721 Office Furniture & Accessories,0
652,smartdesks,B721 Office Furniture & Accessories,0
653,smead,B721 Office Furniture & Accessories,0
654,steelcase,B721 Office Furniture & Accessories,1
655,teknion,B721 Office Furniture & Accessories,0
656,varidesk,B721 Office Furniture & Accessories,0
657,versteel,B721 Office Furniture & Accessories,0
658,winsted,B721 Office Furniture & Accessories,0
659,vectorstock,"B722 Stationery,Greeting Cards&Misc Paper Gds",0
660,hallmark,"B722 Stationery,Greeting Cards&Misc Paper Gds",0
661,papyrus,"B722 Stationery,Greeting Cards&Misc Paper Gds",0
662,canon,"B722 Stationery,Greeting Cards&Misc Paper Gds",0
663,navigator,"B722 Stationery,Greeting Cards&Misc Paper Gds",0
664,bestself,"B722 Stationery,Greeting Cards&Misc Paper Gds",0
665,shinola,"B722 Stationery,Greeting Cards&Misc Paper Gds",1
666,accuform,"B722 Stationery,Greeting Cards&Misc Paper Gds",0
667,avery,"B722 Stationery,Greeting Cards&Misc Paper Gds",1
668,certags,"B722 Stationery,Greeting Cards&Misc Paper Gds",0
669,envypak,"B722 Stationery,Greeting Cards&Misc Paper Gds",0
670,frankfort,"B722 Stationery,Greeting Cards&Misc Paper Gds",0
671,fraser,"B722 Stationery,Greeting Cards&Misc Paper Gds",0
672,jbm,"B722 Stationery,Greeting Cards&Misc Paper Gds",0
673,lockhart,"B722 Stationery,Greeting Cards&Misc Paper Gds",0
674,marel,"B722 Stationery,Greeting Cards&Misc Paper Gds",0
675,omni,"B722 Stationery,Greeting Cards&Misc Paper Gds",1
676,pipsticks,"B722 Stationery,Greeting Cards&Misc Paper Gds",0
677,polyonics,"B722 Stationery,Greeting Cards&Misc Paper Gds",0
678,providence,"B722 Stationery,Greeting Cards&Misc Paper Gds",1
679,quidd,"B722 Stationery,Greeting Cards&Misc Paper Gds",0
680,scripability,"B722 Stationery,Greeting Cards&Misc Paper Gds",1
681,seton,"B722 Stationery,Greeting Cards&Misc Paper Gds",0
682,tempe,"B722 Stationery,Greeting Cards&Misc Paper Gds",1
683,woodchuck,"B722 Stationery,Greeting Cards&Misc Paper Gds",0
684,aarp,B913 Employment Agencies,0
685,careerboutique,B913 Employment Agencies,1
686,comcast,B913 Employment Agencies,0
687,dav,B913 Employment Agencies,0
688,edustaff,B913 Employment Agencies,0
689,elance,B913 Employment Agencies,1
690,gogig,B913 Employment Agencies,0
691,jobr,B913 Employment Agencies,0
692,marten,B913 Employment Agencies,0
693,peoplefluent,B913 Employment Agencies,0
694,schneider,B913 Employment Agencies,0
695,shootster,B913 Employment Agencies,0
696,showbiz,B913 Employment Agencies,0
697,teamhealth,B913 Employment Agencies,0
698,teksystems,B913 Employment Agencies,0
699,usajobs,B913 Employment Agencies,0
700,usps,B913 Employment Agencies,0
701,ahava,"D119 Skin Care Products, General Promotion/Multi-Category/Corporate/Sponsorship",1
702,amlactin,"D119 Skin Care Products, General Promotion/Multi-Category/Corporate/Sponsorship",0
703,aveda,"D119 Skin Care Products, General Promotion/Multi-Category/Corporate/Sponsorship",1
704,aveeno,"D119 Skin Care Products, General Promotion/Multi-Category/Corporate/Sponsorship",1
705,bioeffect,"D119 Skin Care Products, General Promotion/Multi-Category/Corporate/Sponsorship",0
706,brevena,"D119 Skin Care Products, General Promotion/Multi-Category/Corporate/Sponsorship",1
707,cerave,"D119 Skin Care Products, General Promotion/Multi-Category/Corporate/Sponsorship",1
708,chandanni,"D119 Skin Care Products, General Promotion/Multi-Category/Corporate/Sponsorship",1
709,clarins,"D119 Skin Care Products, General Promotion/Multi-Category/Corporate/Sponsorship",0
710,clinique,"D119 Skin Care Products, General Promotion/Multi-Category/Corporate/Sponsorship",1
711,dermacare,"D119 Skin Care Products, General Promotion/Multi-Category/Corporate/Sponsorship",1
712,dermalogica,"D119 Skin Care Products, General Promotion/Multi-Category/Corporate/Sponsorship",1
713,dickinsons,"D119 Skin Care Products, General Promotion/Multi-Category/Corporate/Sponsorship",0
714,duduk,"D119 Skin Care Products, General Promotion/Multi-Category/Corporate/Sponsorship",0
715,ely,"D119 Skin Care Products, General Promotion/Multi-Category/Corporate/Sponsorship",1
716,eucerin,"D119 Skin Care Products, General Promotion/Multi-Category/Corporate/Sponsorship",0
717,evocell,"D119 Skin Care Products, General Promotion/Multi-Category/Corporate/Sponsorship",0
718,farmacy,"D119 Skin Care Products, General Promotion/Multi-Category/Corporate/Sponsorship",1
719,garnier,"D119 Skin Care Products, General Promotion/Multi-Category/Corporate/Sponsorship",0
720,goop,"D119 Skin Care Products, General Promotion/Multi-Category/Corporate/Sponsorship",0
721,isdin,"D119 Skin Care Products, General Promotion/Multi-Category/Corporate/Sponsorship",0
722,jergens,"D119 Skin Care Products, General Promotion/Multi-Category/Corporate/Sponsorship",0
723,jivi,"D119 Skin Care Products, General Promotion/Multi-Category/Corporate/Sponsorship",1
724,johnsons,"D119 Skin Care Products, General Promotion/Multi-Category/Corporate/Sponsorship",0
725,junetics,"D119 Skin Care Products, General Promotion/Multi-Category/Corporate/Sponsorship",0
726,luminesce,"D119 Skin Care Products, General Promotion/Multi-Category/Corporate/Sponsorship",1
727,mederma,"D119 Skin Care Products, General Promotion/Multi-Category/Corporate/Sponsorship",1
728,neostrata,"D119 Skin Care Products, General Promotion/Multi-Category/Corporate/Sponsorship",1
729,neutrogena,"D119 Skin Care Products, General Promotion/Multi-Category/Corporate/Sponsorship",1
730,okeeffes,"D119 Skin Care Products, General Promotion/Multi-Category/Corporate/Sponsorship",0
731,ponds,"D119 Skin Care Products, General Promotion/Multi-Category/Corporate/Sponsorship",0
732,roc,"D119 Skin Care Products, General Promotion/Multi-Category/Corporate/Sponsorship",0
733,saranghae,"D119 Skin Care Products, General Promotion/Multi-Category/Corporate/Sponsorship",1
734,skinceuticals,"D119 Skin Care Products, General Promotion/Multi-Category/Corporate/Sponsorship",0
735,tula,"D119 Skin Care Products, General Promotion/Multi-Category/Corporate/Sponsorship",1
736,vaseline,"D119 Skin Care Products, General Promotion/Multi-Category/Corporate/Sponsorship",1
737,weleda,"D119 Skin Care Products, General Promotion/Multi-Category/Corporate/Sponsorship",1
738,elf,"D149 Face Makeup, General Promotion/Multi-Category/Corporate/Sponsorship",0
739,faces,"D149 Face Makeup, General Promotion/Multi-Category/Corporate/Sponsorship",0
740,glossier,"D149 Face Makeup, General Promotion/Multi-Category/Corporate/Sponsorship",0
741,neutrogena,"D149 Face Makeup, General Promotion/Multi-Category/Corporate/Sponsorship",1
742,australis,"D181 Women's Scents, Fragrances, Perfumes",0
743,bijan,"D181 Women's Scents, Fragrances, Perfumes",0
744,boucheron,"D181 Women's Scents, Fragrances, Perfumes",0
745,dior,"D181 Women's Scents, Fragrances, Perfumes",0
746,mugler,"D181 Women's Scents, Fragrances, Perfumes",0
747,tiffany,"D181 Women's Scents, Fragrances, Perfumes",1
748,venezia,"D181 Women's Scents, Fragrances, Perfumes",1
749,osswald,"D182 Unisex Scents, Fragrances, Perfumes",0
750,chanel,"D183 Men's Scents, Fragrances, Aftershaves",0
751,colors,"D183 Men's Scents, Fragrances, Aftershaves",0
752,navigator,"D183 Men's Scents, Fragrances, Aftershaves",0
753,prive,"D183 Men's Scents, Fragrances, Aftershaves",1
754,springfield,"D183 Men's Scents, Fragrances, Aftershaves",0
755,euroitalia,"D189 Fragrances, General Promotion/Multi-Category/Corporate/Sponsorship",1
756,prada,"D189 Fragrances, General Promotion/Multi-Category/Corporate/Sponsorship",1
757,puig,"D189 Fragrances, General Promotion/Multi-Category/Corporate/Sponsorship",0
758,tiffany,"D189 Fragrances, General Promotion/Multi-Category/Corporate/Sponsorship",1
759,closys,D211 Toothpaste & Whiteners,0
760,crest,D211 Toothpaste & Whiteners,0
761,orajel,D211 Toothpaste & Whiteners,0
762,oramd,D211 Toothpaste & Whiteners,0
763,instadazzle,D211 Toothpaste & Whiteners,1
764,intelliwhite,D211 Toothpaste & Whiteners,1
765,pola,D211 Toothpaste & Whiteners,1
766,rembrandt,D211 Toothpaste & Whiteners,0
767,starrwhite,D211 Toothpaste & Whiteners,1
768,supersmile,D211 Toothpaste & Whiteners,1
769,efferdent,D211 Toothpaste & Whiteners,0
770,polident,D211 Toothpaste & Whiteners,0
771,remington,D259 Womens Shaving Supplies General Promotion,0
772,sweatblock,D269 Deodorants & Antiperspirants General Promotion,0
773,unilever,D269 Deodorants & Antiperspirants General Promotion,0
774,medicasp,D322 Medicated Shampoos (Hair),0
775,barbasol,D439 Mens Shaving Equipment & Supplies General Promotion,0
776,bevel,D439 Mens Shaving Equipment & Supplies General Promotion,0
777,braun,D439 Mens Shaving Equipment & Supplies General Promotion,0
778,cremo,D439 Mens Shaving Equipment & Supplies General Promotion,1
779,gillette,D439 Mens Shaving Equipment & Supplies General Promotion,1
780,oneblade,D439 Mens Shaving Equipment & Supplies General Promotion,1
781,schick,D439 Mens Shaving Equipment & Supplies General Promotion,0
782,advil,D511 Pain Remedies,0
783,aleve,D511 Pain Remedies,1
784,asteeza,D511 Pain Remedies,1
785,bc,D511 Pain Remedies,0
786,biofreeze,D511 Pain Remedies,1
787,buscapina,D511 Pain Remedies,1
788,goodys,D511 Pain Remedies,0
789,satohap,D511 Pain Remedies,0
790,tylenol,D511 Pain Remedies,0
791,venaton,D511 Pain Remedies,0
792,motrin,D511 Pain Remedies,0
793,arnicare,D511 Pain Remedies,1
794,acculevel,"D529 Cold, Cough, Sinus & Asthma Remdies:Comb & NEC",0
795,beta,"D529 Cold, Cough, Sinus & Asthma Remdies:Comb & NEC",1
796,robitussin,"D529 Cold, Cough, Sinus & Asthma Remdies:Comb & NEC",0
797,tylenol,"D529 Cold, Cough, Sinus & Asthma Remdies:Comb & NEC",0
798,vicks,"D529 Cold, Cough, Sinus & Asthma Remdies:Comb & NEC",0
799,clif,D543 Nutritional Supplements,0
800,glucerna,D543 Nutritional Supplements,1
801,larabar,D543 Nutritional Supplements,0
802,luna,D543 Nutritional Supplements,1
803,questbar,D543 Nutritional Supplements,0
804,rxbar,D543 Nutritional Supplements,0
805,simplemd,D543 Nutritional Supplements,0
806,thinkthin,D543 Nutritional Supplements,0
807,zing,D543 Nutritional Supplements,0
808,advocare,D543 Nutritional Supplements,1
809,alen,D543 Nutritional Supplements,0
810,align,D543 Nutritional Supplements,0
811,alkamind,D543 Nutritional Supplements,0
812,amplivida,D543 Nutritional Supplements,1
813,amway,D543 Nutritional Supplements,1
814,angioprim,D543 Nutritional Supplements,0
815,apeza,D543 Nutritional Supplements,1
816,arthrozene,D543 Nutritional Supplements,1
817,ascent,D543 Nutritional Supplements,0
818,atrantil,D543 Nutritional Supplements,0
819,baobest,D543 Nutritional Supplements,0
820,biofinest,D543 Nutritional Supplements,0
821,biohm,D543 Nutritional Supplements,0
822,biolife,D543 Nutritional Supplements,1
823,bioprostol,D543 Nutritional Supplements,0
824,biotrust,D543 Nutritional Supplements,0
825,bioxtron,D543 Nutritional Supplements,0
826,calotren,D543 Nutritional Supplements,0
827,carbion,D543 Nutritional Supplements,0
828,carnivor,D543 Nutritional Supplements,0
829,carnivora,D543 Nutritional Supplements,1
830,cebria,D543 Nutritional Supplements,1
831,cellucor,D543 Nutritional Supplements,0
832,cellutaris,D543 Nutritional Supplements,0
833,cheongkwanjang,D543 Nutritional Supplements,0
834,clarisoy,D543 Nutritional Supplements,1
835,cocoavia,D543 Nutritional Supplements,1
836,cognizin,D543 Nutritional Supplements,0
837,collagen,D543 Nutritional Supplements,0
838,cosequin,D543 Nutritional Supplements,0
839,crs,D543 Nutritional Supplements,0
840,cytogreens,D543 Nutritional Supplements,0
841,digestacure,D543 Nutritional Supplements,1
842,eas,D543 Nutritional Supplements,0
843,eliteops,D543 Nutritional Supplements,0
844,elixinol,D543 Nutritional Supplements,0
845,emotiquell,D543 Nutritional Supplements,0
846,endoca,D543 Nutritional Supplements,1
847,enzymedica,D543 Nutritional Supplements,1
848,epicor,D543 Nutritional Supplements,0
849,esi,D543 Nutritional Supplements,1
850,estroven,D543 Nutritional Supplements,0
851,evogen,D543 Nutritional Supplements,0
852,eyepromise,D543 Nutritional Supplements,1
853,fdgard,D543 Nutritional Supplements,0
854,florastor,D543 Nutritional Supplements,0
855,frs,D543 Nutritional Supplements,0
856,garligest,D543 Nutritional Supplements,0
857,genestra,D543 Nutritional Supplements,1
858,ghr,D543 Nutritional Supplements,0
859,glucocil,D543 Nutritional Supplements,0
860,goodbelly,D543 Nutritional Supplements,1
861,hellolife,D543 Nutritional Supplements,1
862,hims,D543 Nutritional Supplements,0
863,humann,D543 Nutritional Supplements,0
864,ibgard,D543 Nutritional Supplements,0
865,ignite,D543 Nutritional Supplements,1
866,immunocal,D543 Nutritional Supplements,0
867,instone,D543 Nutritional Supplements,1
868,joyn,D543 Nutritional Supplements,0
869,juven,D543 Nutritional Supplements,0
870,kevita,D543 Nutritional Supplements,1
871,kion,D543 Nutritional Supplements,0
872,kura,D543 Nutritional Supplements,1
873,lifeseasons,D543 Nutritional Supplements,0
874,liverite,D543 Nutritional Supplements,1
875,lumiday,D543 Nutritional Supplements,1
876,macuhealth,D543 Nutritional Supplements,0
877,magnilife,D543 Nutritional Supplements,1
878,maxivision,D543 Nutritional Supplements,0
879,mederma,D543 Nutritional Supplements,1
880,mencareplus,D543 Nutritional Supplements,0
881,mesomorph,D543 Nutritional Supplements,0
882,mhp,D543 Nutritional Supplements,0
883,mila,D543 Nutritional Supplements,1
884,mmusa,D543 Nutritional Supplements,1
885,modere,D543 Nutritional Supplements,1
886,muscletech,D543 Nutritional Supplements,0
887,natavi,D543 Nutritional Supplements,1
888,natren,D543 Nutritional Supplements,0
889,natrol,D543 Nutritional Supplements,0
890,neovitin,D543 Nutritional Supplements,0
891,nephure,D543 Nutritional Supplements,1
892,neprinol,D543 Nutritional Supplements,0
893,nopalina,D543 Nutritional Supplements,1
894,nutrimost,D543 Nutritional Supplements,0
895,oxigenesis,D543 Nutritional Supplements,0
896,peppod,D543 Nutritional Supplements,0
897,peptiva,D543 Nutritional Supplements,1
898,percepta,D543 Nutritional Supplements,1
899,phillips,D543 Nutritional Supplements,0
900,plantiva,D543 Nutritional Supplements,1
901,prinova,D543 Nutritional Supplements,1
902,probiogen,D543 Nutritional Supplements,0
903,pronourish,D543 Nutritional Supplements,0
904,provarin,D543 Nutritional Supplements,0
905,provasca,D543 Nutritional Supplements,1
906,qivana,D543 Nutritional Supplements,1
907,qunol,D543 Nutritional Supplements,0
908,reaal,D543 Nutritional Supplements,0
909,regactiv,D543 Nutritional Supplements,0
910,resveratrol,D543 Nutritional Supplements,0
911,revactin,D543 Nutritional Supplements,0
912,sanavita,D543 Nutritional Supplements,1
913,serovital,D543 Nutritional Supplements,0
914,serretia,D543 Nutritional Supplements,1
915,setria,D543 Nutritional Supplements,1
916,somabiotix,D543 Nutritional Supplements,0
917,soylent,D543 Nutritional Supplements,0
918,squeezed,D543 Nutritional Supplements,0
919,superbeets,D543 Nutritional Supplements,0
920,testofx,D543 Nutritional Supplements,0
921,testogen,D543 Nutritional Supplements,0
922,testrovax,D543 Nutritional Supplements,0
923,thryve,D543 Nutritional Supplements,1
924,truflow,D543 Nutritional Supplements,0
925,usana,D543 Nutritional Supplements,1
926,usp,D543 Nutritional Supplements,0
927,vegansmart,D543 Nutritional Supplements,0
928,velositol,D543 Nutritional Supplements,0
929,ventricore,D543 Nutritional Supplements,1
930,vht,D543 Nutritional Supplements,0
931,viagril,D543 Nutritional Supplements,0
932,vinomega,D543 Nutritional Supplements,1
933,vitadone,D543 Nutritional Supplements,1
934,vitafusion,D543 Nutritional Supplements,0
935,vitalkhai,D543 Nutritional Supplements,1
936,weider,D543 Nutritional Supplements,0
937,xtendovite,D543 Nutritional Supplements,1
938,ygreen,D543 Nutritional Supplements,0
939,zenus,D543 Nutritional Supplements,0
940,berocca,D543 Nutritional Supplements,1
941,biocell,D543 Nutritional Supplements,0
942,colostril,D543 Nutritional Supplements,0
943,ctd,D543 Nutritional Supplements,0
944,doterra,D543 Nutritional Supplements,1
945,dymatize,D543 Nutritional Supplements,1
946,effihealth,D543 Nutritional Supplements,0
947,ejaculoid,D543 Nutritional Supplements,0
948,enervit,D543 Nutritional Supplements,0
949,finitro,D543 Nutritional Supplements,1
950,flyte,D543 Nutritional Supplements,1
951,genostim,D543 Nutritional Supplements,0
952,iwi,D543 Nutritional Supplements,1
953,jovium,D543 Nutritional Supplements,0
954,lupavita,D543 Nutritional Supplements,1
955,megafood,D543 Nutritional Supplements,0
956,moringa,D543 Nutritional Supplements,1
957,musclemeds,D543 Nutritional Supplements,0
958,musclepharm,D543 Nutritional Supplements,0
959,myprotein,D543 Nutritional Supplements,0
960,natureworks,D543 Nutritional Supplements,0
961,nitrosigine,D543 Nutritional Supplements,1
962,nutrimedical,D543 Nutritional Supplements,0
963,pines,D543 Nutritional Supplements,0
964,produra,D543 Nutritional Supplements,1
965,rivalus,D543 Nutritional Supplements,0
966,san,D543 Nutritional Supplements,0
967,sanavitta,D543 Nutritional Supplements,1
968,steelfit,D543 Nutritional Supplements,0
969,teaza,D543 Nutritional Supplements,1
970,vega,D543 Nutritional Supplements,1
971,vitastack,D543 Nutritional Supplements,0
972,ecostick,F113 Artificial Sweeteners,0
973,javamelts,F113 Artificial Sweeteners,0
974,splenda,F113 Artificial Sweeteners,1
975,truvia,F113 Artificial Sweeteners,1
976,vivion,F113 Artificial Sweeteners,0
977,xylitol,F113 Artificial Sweeteners,0
978,xylosweet,F113 Artificial Sweeteners,0
979,zing,F113 Artificial Sweeteners,0
980,alessi,F122 Cooking Oils,1
981,arette,F122 Cooking Oils,1
982,ariston,F122 Cooking Oils,0
983,canoil,F122 Cooking Oils,0
984,catania,F122 Cooking Oils,1
985,colavita,F122 Cooking Oils,1
986,fiore,F122 Cooking Oils,1
987,goya,F122 Cooking Oils,1
988,kiklos,F122 Cooking Oils,0
989,mazola,F122 Cooking Oils,1
990,mclaughlin,F122 Cooking Oils,0
991,mezzetta,F122 Cooking Oils,1
992,olivelle,F122 Cooking Oils,1
993,smudes,F122 Cooking Oils,0
994,spanish,F122 Cooking Oils,0
995,sunvella,F122 Cooking Oils,1
996,tunisian,F122 Cooking Oils,0
997,whirl,F122 Cooking Oils,0
998,cheerios,F229 Cereals General Promotion,0
999,barilla,F259 Pasta & Pasta Dishes General Promotion,1
1000,skinner,F259 Pasta & Pasta Dishes General Promotion,0
1001,adams,F280 Peanut Butter & Sandwich Spreads,0
1002,bettern,F280 Peanut Butter & Sandwich Spreads,0
1003,jif,F280 Peanut Butter & Sandwich Spreads,0
1004,justins,F280 Peanut Butter & Sandwich Spreads,0
1005,maranatha,F280 Peanut Butter & Sandwich Spreads,1
1006,nutella,F280 Peanut Butter & Sandwich Spreads,1
1007,pbfit,F280 Peanut Butter & Sandwich Spreads,0
1008,smuckers,F280 Peanut Butter & Sandwich Spreads,0
1009,soom,F280 Peanut Butter & Sandwich Spreads,0
1010,sunbutter,F280 Peanut Butter & Sandwich Spreads,0
1011,coolhaus,"F313 Ice Cream, Frozen Novelties & Sherbet",0
1012,deans,"F313 Ice Cream, Frozen Novelties & Sherbet",0
1013,edys,"F313 Ice Cream, Frozen Novelties & Sherbet",0
1014,froozer,"F313 Ice Cream, Frozen Novelties & Sherbet",0
1015,graeters,"F313 Ice Cream, Frozen Novelties & Sherbet",0
1016,holanda,"F313 Ice Cream, Frozen Novelties & Sherbet",1
1017,jenis,"F313 Ice Cream, Frozen Novelties & Sherbet",0
1018,julies,"F313 Ice Cream, Frozen Novelties & Sherbet",0
1019,kemps,"F313 Ice Cream, Frozen Novelties & Sherbet",0
1020,klondike,"F313 Ice Cream, Frozen Novelties & Sherbet",1
1021,lactaid,"F313 Ice Cream, Frozen Novelties & Sherbet",0
1022,laneveria,"F313 Ice Cream, Frozen Novelties & Sherbet",1
1023,magnum,"F313 Ice Cream, Frozen Novelties & Sherbet",0
1024,mayfield,"F313 Ice Cream, Frozen Novelties & Sherbet",0
1025,premia,"F313 Ice Cream, Frozen Novelties & Sherbet",1
1026,reeses,"F313 Ice Cream, Frozen Novelties & Sherbet",0
1027,ruggles,"F313 Ice Cream, Frozen Novelties & Sherbet",0
1028,schoeps,"F313 Ice Cream, Frozen Novelties & Sherbet",0
1029,sola,"F313 Ice Cream, Frozen Novelties & Sherbet",1
1030,talenti,"F313 Ice Cream, Frozen Novelties & Sherbet",1
1031,tandem,"F313 Ice Cream, Frozen Novelties & Sherbet",0
1032,tillamook,"F313 Ice Cream, Frozen Novelties & Sherbet",0
1033,tropilicious,"F313 Ice Cream, Frozen Novelties & Sherbet",0
1034,unilever,"F313 Ice Cream, Frozen Novelties & Sherbet",0
1035,abbotts,"F313 Ice Cream, Frozen Novelties & Sherbet",0
1036,carvel,"F313 Ice Cream, Frozen Novelties & Sherbet",0
1037,fritz,"F313 Ice Cream, Frozen Novelties & Sherbet",0
1038,fruitfull,"F313 Ice Cream, Frozen Novelties & Sherbet",0
1039,jonnypops,"F313 Ice Cream, Frozen Novelties & Sherbet",0
1040,outshine,"F313 Ice Cream, Frozen Novelties & Sherbet",1
1041,ritas,"F313 Ice Cream, Frozen Novelties & Sherbet",0
1042,sambazon,"F313 Ice Cream, Frozen Novelties & Sherbet",0
1043,starburst,"F313 Ice Cream, Frozen Novelties & Sherbet",0
1044,venice,"F313 Ice Cream, Frozen Novelties & Sherbet",1
1045,barritas,F343 Cookies & Crackers,0
1046,chokis,F343 Cookies & Crackers,0
1047,davids,F343 Cookies & Crackers,0
1048,donsuemor,F343 Cookies & Crackers,0
1049,emperador,F343 Cookies & Crackers,0
1050,gamesa,F343 Cookies & Crackers,1
1051,grandmas,F343 Cookies & Crackers,0
1052,keebler,F343 Cookies & Crackers,0
1053,kisses,F343 Cookies & Crackers,0
1054,loacker,F343 Cookies & Crackers,0
1055,marinela,F343 Cookies & Crackers,1
1056,milano,F343 Cookies & Crackers,1
1057,milka,F343 Cookies & Crackers,1
1058,reeses,F343 Cookies & Crackers,0
1059,sandies,F343 Cookies & Crackers,0
1060,crackets,F343 Cookies & Crackers,0
1061,crunchmaster,F343 Cookies & Crackers,0
1062,dux,F343 Cookies & Crackers,0
1063,goldfish,F343 Cookies & Crackers,0
1064,kraft,F343 Cookies & Crackers,0
1065,lance,F343 Cookies & Crackers,1
1066,ritz,F343 Cookies & Crackers,0
1067,stauffers,F343 Cookies & Crackers,0
1068,triscuit,F343 Cookies & Crackers,0
1069,vea,F343 Cookies & Crackers,1
1070,wasa,F343 Cookies & Crackers,1
1071,arden,F343 Cookies & Crackers,0
1072,belvita,F343 Cookies & Crackers,1
1073,keurig,F411 Coffee,0
1074,boyer,F411 Coffee,0
1075,folgers,F411 Coffee,0
1076,gavina,F411 Coffee,1
1077,jameson,F411 Coffee,0
1078,marley,F411 Coffee,1
1079,mccafe,F411 Coffee,1
1080,mcdonalds,F411 Coffee,0
1081,papanicholas,F411 Coffee,0
1082,sheetz,F411 Coffee,0
1083,starbucks,F411 Coffee,0
1084,buendia,F411 Coffee,1
1085,nescafe,F411 Coffee,1
1086,abuelita,F413 Cocoa & Milk Additives,1
1087,bensdorp,F413 Cocoa & Milk Additives,0
1088,ghirardelli,F413 Cocoa & Milk Additives,1
1089,hersheys,F413 Cocoa & Milk Additives,0
1090,starbucks,F413 Cocoa & Milk Additives,0
1091,butterfinger,F519 Candy & Mints General Promotion,0
1092,hersheys,F519 Candy & Mints General Promotion,0
1093,mars,F519 Candy & Mints General Promotion,0
1094,mentos,F519 Candy & Mints General Promotion,0
1095,scripture,F519 Candy & Mints General Promotion,1
1096,skittles,F519 Candy & Mints General Promotion,0
1097,snickers,F519 Candy & Mints General Promotion,0
1098,babybel,"F539 Chips, Nuts, Popcorn & Pretzels General Promotion",0
1099,barcel,"F539 Chips, Nuts, Popcorn & Pretzels General Promotion",0
1100,brims,"F539 Chips, Nuts, Popcorn & Pretzels General Promotion",0
1101,medora,"F539 Chips, Nuts, Popcorn & Pretzels General Promotion",1
1102,naturebox,"F539 Chips, Nuts, Popcorn & Pretzels General Promotion",0
1103,richards,"F539 Chips, Nuts, Popcorn & Pretzels General Promotion",0
1104,snatts,"F539 Chips, Nuts, Popcorn & Pretzels General Promotion",0
1105,stauffers,"F539 Chips, Nuts, Popcorn & Pretzels General Promotion",0
1106,tostitos,"F539 Chips, Nuts, Popcorn & Pretzels General Promotion",0
1107,altstadt,F611 Regular Beer & Ale,0
1108,amstel,F611 Regular Beer & Ale,0
1109,bells,F611 Regular Beer & Ale,0
1110,bofferding,F611 Regular Beer & Ale,0
1111,boricua,F611 Regular Beer & Ale,1
1112,bridgeport,F611 Regular Beer & Ale,0
1113,bruz,F611 Regular Beer & Ale,0
1114,bundaberg,F611 Regular Beer & Ale,0
1115,busch,F611 Regular Beer & Ale,0
1116,carlsberg,F611 Regular Beer & Ale,0
1117,chang,F611 Regular Beer & Ale,0
1118,coors,F611 Regular Beer & Ale,0
1119,corona,F611 Regular Beer & Ale,1
1120,dixie,F611 Regular Beer & Ale,1
1121,icehouse,F611 Regular Beer & Ale,1
1122,kraftig,F611 Regular Beer & Ale,0
1123,landshark,F611 Regular Beer & Ale,0
1124,leinenkugels,F611 Regular Beer & Ale,0
1125,michelob,F611 Regular Beer & Ale,0
1126,presidente,F611 Regular Beer & Ale,1
1127,redds,F611 Regular Beer & Ale,0
1128,schlafly,F611 Regular Beer & Ale,1
1129,sol,F611 Regular Beer & Ale,0
1130,sunup,F611 Regular Beer & Ale,0
1131,tecate,F611 Regular Beer & Ale,1
1132,troegs,F611 Regular Beer & Ale,0
1133,victoria,F611 Regular Beer & Ale,1
1134,wachusett,F611 Regular Beer & Ale,0
1135,widmer,F611 Regular Beer & Ale,0
1136,yuengling,F611 Regular Beer & Ale,0
1137,redhook,F611 Regular Beer & Ale,0
1138,mickeys,F611 Regular Beer & Ale,0
1139,smirnoff,F611 Regular Beer & Ale,0
1140,sparks,F611 Regular Beer & Ale,0
1141,badger,F611 Regular Beer & Ale,0
1142,estrella,F611 Regular Beer & Ale,1
1143,harpoon,F611 Regular Beer & Ale,0
1144,hensley,F611 Regular Beer & Ale,1
1145,raven,F611 Regular Beer & Ale,0
1146,stoneys,F611 Regular Beer & Ale,0
1147,gambrinus,F611 Regular Beer & Ale,0
1148,guinness,F611 Regular Beer & Ale,0
1149,hoboken,F611 Regular Beer & Ale,0
1150,pabst,F611 Regular Beer & Ale,0
1151,speakeasy,F611 Regular Beer & Ale,1
1152,arri,G141 Cameras (Excl Video),1
1153,canon,G141 Cameras (Excl Video),0
1154,flir,G141 Cameras (Excl Video),0
1155,fujifilm,G141 Cameras (Excl Video),0
1156,hovercam,G141 Cameras (Excl Video),0
1157,lidcam,G141 Cameras (Excl Video),0
1158,lumenera,G141 Cameras (Excl Video),1
1159,olympus,G141 Cameras (Excl Video),0
1160,aquatica,G141 Cameras (Excl Video),1
1161,hitachi,G141 Cameras (Excl Video),1
1162,nikon,G141 Cameras (Excl Video),0
1163,polaroid,G141 Cameras (Excl Video),0
1164,princeton,G141 Cameras (Excl Video),0
1165,sealife,G141 Cameras (Excl Video),1
1166,truelook,G141 Cameras (Excl Video),0
1167,basler,G141 Cameras (Excl Video),0
1168,devisubox,G141 Cameras (Excl Video),0
1169,dslrpros,G141 Cameras (Excl Video),0
1170,koerner,G141 Cameras (Excl Video),0
1171,teledyne,G141 Cameras (Excl Video),1
1172,davios,G323 Casual Dining Restaurants,0
1173,mastros,G323 Casual Dining Restaurants,0
1174,stk,G323 Casual Dining Restaurants,0
1175,wildfire,G323 Casual Dining Restaurants,1
1176,wolfgangs,G323 Casual Dining Restaurants,0
1177,bonefish,G323 Casual Dining Restaurants,0
1178,redfish,G323 Casual Dining Restaurants,0
1179,abuelos,G323 Casual Dining Restaurants,0
1180,bullritos,G323 Casual Dining Restaurants,0
1181,pappasitos,G323 Casual Dining Restaurants,0
1182,pepes,G323 Casual Dining Restaurants,0
1183,rubios,G323 Casual Dining Restaurants,0
1184,bertuccis,G323 Casual Dining Restaurants,0
1185,fazolis,G323 Casual Dining Restaurants,0
1186,francescas,G323 Casual Dining Restaurants,0
1187,piatti,G323 Casual Dining Restaurants,1
1188,portillos,G323 Casual Dining Restaurants,0
1189,ragazzis,G323 Casual Dining Restaurants,0
1190,benihana,G323 Casual Dining Restaurants,1
1191,lins,G323 Casual Dining Restaurants,0
1192,applebees,G323 Casual Dining Restaurants,0
1193,boneheads,G323 Casual Dining Restaurants,0
1194,brothers,G323 Casual Dining Restaurants,0
1195,corkys,G323 Casual Dining Restaurants,0
1196,debos,G323 Casual Dining Restaurants,0
1197,ditkas,G323 Casual Dining Restaurants,0
1198,frickers,G323 Casual Dining Restaurants,0
1199,fuddruckers,G323 Casual Dining Restaurants,0
1200,grandys,G323 Casual Dining Restaurants,0
1201,hakkasan,G323 Casual Dining Restaurants,0
1202,hooters,G323 Casual Dining Restaurants,0
1203,hoots,G323 Casual Dining Restaurants,0
1204,houlihans,G323 Casual Dining Restaurants,0
1205,ihop,G323 Casual Dining Restaurants,0
1206,islands,G323 Casual Dining Restaurants,0
1207,mels,G323 Casual Dining Restaurants,0
1208,milestones,G323 Casual Dining Restaurants,0
1209,norms,G323 Casual Dining Restaurants,0
1210,ocharleys,G323 Casual Dining Restaurants,0
1211,pappas,G323 Casual Dining Restaurants,0
1212,perkins,G323 Casual Dining Restaurants,0
1213,reubens,G323 Casual Dining Restaurants,0
1214,roys,G323 Casual Dining Restaurants,0
1215,salata,G323 Casual Dining Restaurants,1
1216,sharis,G323 Casual Dining Restaurants,0
1217,souplantation,G323 Casual Dining Restaurants,0
1218,stuckeys,G323 Casual Dining Restaurants,0
1219,tucanos,G323 Casual Dining Restaurants,0
1220,wingstreet,G323 Casual Dining Restaurants,0
1221,zippys,G323 Casual Dining Restaurants,0
1222,biggby,G324 Coffee & Donut Restaurants,1
1223,starbucks,G324 Coffee & Donut Restaurants,0
1224,alps,G411 Fishing Tackle & Equipment,0
1225,alutecnos,G411 Fishing Tackle & Equipment,0
1226,ardent,G411 Fishing Tackle & Equipment,0
1227,baitcloud,G411 Fishing Tackle & Equipment,0
1228,berkley,G411 Fishing Tackle & Equipment,1
1229,booyah,G411 Fishing Tackle & Equipment,0
1230,bucks,G411 Fishing Tackle & Equipment,0
1231,castaway,G411 Fishing Tackle & Equipment,1
1232,cortland,G411 Fishing Tackle & Equipment,0
1233,cuda,G411 Fishing Tackle & Equipment,1
1234,daiichi,G411 Fishing Tackle & Equipment,1
1235,daiwa,G411 Fishing Tackle & Equipment,1
1236,dardevle,G411 Fishing Tackle & Equipment,1
1237,firstrike,G411 Fishing Tackle & Equipment,1
1238,fishsticks,G411 Fishing Tackle & Equipment,0
1239,flambeau,G411 Fishing Tackle & Equipment,1
1240,frabill,G411 Fishing Tackle & Equipment,0
1241,gerber,G411 Fishing Tackle & Equipment,0
1242,hookspit,G411 Fishing Tackle & Equipment,0
1243,jiffy,G411 Fishing Tackle & Equipment,1
1244,johnson,G411 Fishing Tackle & Equipment,0
1245,kalins,G411 Fishing Tackle & Equipment,0
1246,kastking,G411 Fishing Tackle & Equipment,0
1247,lews,G411 Fishing Tackle & Equipment,0
1248,livetarget,G411 Fishing Tackle & Equipment,0
1249,maxima,G411 Fishing Tackle & Equipment,1
1250,mirrolures,G411 Fishing Tackle & Equipment,0
1251,mustad,G411 Fishing Tackle & Equipment,0
1252,norman,G411 Fishing Tackle & Equipment,0
1253,northland,G411 Fishing Tackle & Equipment,0
1254,okuma,G411 Fishing Tackle & Equipment,1
1255,penn,G411 Fishing Tackle & Equipment,0
1256,piscifun,G411 Fishing Tackle & Equipment,0
1257,rapala,G411 Fishing Tackle & Equipment,1
1258,redington,G411 Fishing Tackle & Equipment,0
1259,seaguar,G411 Fishing Tackle & Equipment,0
1260,shakespeare,G411 Fishing Tackle & Equipment,1
1261,skinzit,G411 Fishing Tackle & Equipment,0
1262,sunline,G411 Fishing Tackle & Equipment,1
1263,tombob,G411 Fishing Tackle & Equipment,0
1264,trokar,G411 Fishing Tackle & Equipment,0
1265,vense,G411 Fishing Tackle & Equipment,1
1266,wigstons,G411 Fishing Tackle & Equipment,0
1267,xtratuf,G411 Fishing Tackle & Equipment,0
1268,zoom,G411 Fishing Tackle & Equipment,0
1269,burton,"G451 Snow Skis, Boards, Blades & Accessories",0
1270,coldavenger,"G451 Snow Skis, Boards, Blades & Accessories",0
1271,dakine,"G451 Snow Skis, Boards, Blades & Accessories",1
1272,donek,"G451 Snow Skis, Boards, Blades & Accessories",0
1273,elan,"G451 Snow Skis, Boards, Blades & Accessories",0
1274,glade,"G451 Snow Skis, Boards, Blades & Accessories",1
1275,gogglesoc,"G451 Snow Skis, Boards, Blades & Accessories",0
1276,illesteva,"G451 Snow Skis, Boards, Blades & Accessories",1
1277,liod,"G451 Snow Skis, Boards, Blades & Accessories",0
1278,nordica,"G451 Snow Skis, Boards, Blades & Accessories",1
1279,org,"G451 Snow Skis, Boards, Blades & Accessories",0
1280,pl,"G451 Snow Skis, Boards, Blades & Accessories",0
1281,poc,"G451 Snow Skis, Boards, Blades & Accessories",0
1282,ruroc,"G451 Snow Skis, Boards, Blades & Accessories",0
1283,scott,"G451 Snow Skis, Boards, Blades & Accessories",0
1284,slick,"G451 Snow Skis, Boards, Blades & Accessories",0
1285,smith,"G451 Snow Skis, Boards, Blades & Accessories",0
1286,spalding,"G451 Snow Skis, Boards, Blades & Accessories",0
1287,vans,"G451 Snow Skis, Boards, Blades & Accessories",0
1288,winterstick,"G451 Snow Skis, Boards, Blades & Accessories",0
1289,adams,G499 Sporting Goods General Promotion,0
1290,adidas,G499 Sporting Goods General Promotion,0
1291,afp,G499 Sporting Goods General Promotion,0
1292,airtrackfactoryus,G499 Sporting Goods General Promotion,0
1293,bushnell,G499 Sporting Goods General Promotion,0
1294,coleman,G499 Sporting Goods General Promotion,0
1295,fenwick,G499 Sporting Goods General Promotion,0
1296,goalpost,G499 Sporting Goods General Promotion,0
1297,goalsetter,G499 Sporting Goods General Promotion,0
1298,mammut,G499 Sporting Goods General Promotion,0
1299,manduka,G499 Sporting Goods General Promotion,1
1300,marmot,G499 Sporting Goods General Promotion,0
1301,mbs,G499 Sporting Goods General Promotion,0
1302,moser,G499 Sporting Goods General Promotion,0
1303,obrien,G499 Sporting Goods General Promotion,0
1304,polaris,G499 Sporting Goods General Promotion,0
1305,rei,G499 Sporting Goods General Promotion,1
1306,scott,G499 Sporting Goods General Promotion,0
1307,sears,G499 Sporting Goods General Promotion,0
1308,seirus,G499 Sporting Goods General Promotion,0
1309,spalding,G499 Sporting Goods General Promotion,0
1310,wincraft,G499 Sporting Goods General Promotion,0
1311,corsair,G511 Elec & Video Games & Sftwr (Excl PC&Net),0
1312,hipshotdot,G511 Elec & Video Games & Sftwr (Excl PC&Net),0
1313,kontrolfreek,G511 Elec & Video Games & Sftwr (Excl PC&Net),0
1314,xbox,G511 Elec & Video Games & Sftwr (Excl PC&Net),0
1315,capcom,G511 Elec & Video Games & Sftwr (Excl PC&Net),0
1316,microsoft,G511 Elec & Video Games & Sftwr (Excl PC&Net),0
1317,swivl,G511 Elec & Video Games & Sftwr (Excl PC&Net),0
1318,telltale,G511 Elec & Video Games & Sftwr (Excl PC&Net),1
1319,thrustmaster,G511 Elec & Video Games & Sftwr (Excl PC&Net),0
1320,hatchimals,G511 Elec & Video Games & Sftwr (Excl PC&Net),0
1321,ozobot,G511 Elec & Video Games & Sftwr (Excl PC&Net),0
1322,playseat,G511 Elec & Video Games & Sftwr (Excl PC&Net),0
1323,nintendo,G511 Elec & Video Games & Sftwr (Excl PC&Net),1
1324,ubisoft,G511 Elec & Video Games & Sftwr (Excl PC&Net),0
1325,fuggler,G541 Stuffed Toys,0
1326,izziwotnot,G541 Stuffed Toys,0
1327,plushies,G541 Stuffed Toys,0
1328,squeezamals,G541 Stuffed Toys,0
1329,squishamals,G541 Stuffed Toys,0
1330,surprizamals,G541 Stuffed Toys,0
1331,abound,G613 Cat & Dog Food Combination,0
1332,addiction,G613 Cat & Dog Food Combination,0
1333,avoderm,G613 Cat & Dog Food Combination,0
1334,canidae,G613 Cat & Dog Food Combination,1
1335,freshpet,G613 Cat & Dog Food Combination,0
1336,koha,G613 Cat & Dog Food Combination,1
1337,nutrish,G613 Cat & Dog Food Combination,0
1338,orijen,G613 Cat & Dog Food Combination,0
1339,petcurean,G613 Cat & Dog Food Combination,0
1340,purina,G613 Cat & Dog Food Combination,1
1341,artland,"H111 Dinnerware, Glassware & Pottery",0
1342,baccarat,"H111 Dinnerware, Glassware & Pottery",0
1343,casafina,"H111 Dinnerware, Glassware & Pottery",1
1344,conserve,"H111 Dinnerware, Glassware & Pottery",1
1345,corelle,"H111 Dinnerware, Glassware & Pottery",1
1346,fiesta,"H111 Dinnerware, Glassware & Pottery",1
1347,gaia,"H111 Dinnerware, Glassware & Pottery",1
1348,gibson,"H111 Dinnerware, Glassware & Pottery",0
1349,hallmark,"H111 Dinnerware, Glassware & Pottery",0
1350,herend,"H111 Dinnerware, Glassware & Pottery",0
1351,imusa,"H111 Dinnerware, Glassware & Pottery",1
1352,libbey,"H111 Dinnerware, Glassware & Pottery",1
1353,livliga,"H111 Dinnerware, Glassware & Pottery",1
1354,mikasa,"H111 Dinnerware, Glassware & Pottery",1
1355,miyako,"H111 Dinnerware, Glassware & Pottery",1
1356,mugdom,"H111 Dinnerware, Glassware & Pottery",0
1357,nambe,"H111 Dinnerware, Glassware & Pottery",1
1358,noritake,"H111 Dinnerware, Glassware & Pottery",1
1359,oneida,"H111 Dinnerware, Glassware & Pottery",1
1360,pasabahce,"H111 Dinnerware, Glassware & Pottery",1
1361,pfaltzgraff,"H111 Dinnerware, Glassware & Pottery",0
1362,portmeirion,"H111 Dinnerware, Glassware & Pottery",0
1363,precisioncraft,"H111 Dinnerware, Glassware & Pottery",0
1364,riedel,"H111 Dinnerware, Glassware & Pottery",0
1365,stanza,"H111 Dinnerware, Glassware & Pottery",1
1366,steuben,"H111 Dinnerware, Glassware & Pottery",0
1367,stuart,"H111 Dinnerware, Glassware & Pottery",0
1368,thermoserv,"H111 Dinnerware, Glassware & Pottery",0
1369,valletta,"H111 Dinnerware, Glassware & Pottery",1
1370,vandor,"H111 Dinnerware, Glassware & Pottery",0
1371,verterra,"H111 Dinnerware, Glassware & Pottery",1
1372,vietri,"H111 Dinnerware, Glassware & Pottery",1
1373,agility,H122 Mattresses & Box Springs,1
1374,aireloom,H122 Mattresses & Box Springs,0
1375,america,H122 Mattresses & Box Springs,1
1376,bassett,H122 Mattresses & Box Springs,0
1377,beautyrest,H122 Mattresses & Box Springs,0
1378,bestar,H122 Mattresses & Box Springs,0
1379,blello,H122 Mattresses & Box Springs,1
1380,casper,H122 Mattresses & Box Springs,0
1381,cloudten,H122 Mattresses & Box Springs,0
1382,couchbed,H122 Mattresses & Box Springs,0
1383,customatic,H122 Mattresses & Box Springs,0
1384,dreamcloud,H122 Mattresses & Box Springs,0
1385,duxiana,H122 Mattresses & Box Springs,1
1386,eclipse,H122 Mattresses & Box Springs,1
1387,eight,H122 Mattresses & Box Springs,0
1388,essentia,H122 Mattresses & Box Springs,1
1389,ghostbed,H122 Mattresses & Box Springs,0
1390,hyphen,H122 Mattresses & Box Springs,0
1391,joybed,H122 Mattresses & Box Springs,0
1392,kingsdown,H122 Mattresses & Box Springs,0
1393,lectus,H122 Mattresses & Box Springs,0
1394,leesa,H122 Mattresses & Box Springs,1
1395,lucid,H122 Mattresses & Box Springs,0
1396,luft,H122 Mattresses & Box Springs,0
1397,lulaabed,H122 Mattresses & Box Springs,0
1398,lull,H122 Mattresses & Box Springs,0
1399,morphiis,H122 Mattresses & Box Springs,0
1400,nectar,H122 Mattresses & Box Springs,0
1401,nuvanna,H122 Mattresses & Box Springs,1
1402,pangeabed,H122 Mattresses & Box Springs,0
1403,plushbeds,H122 Mattresses & Box Springs,0
1404,reverie,H122 Mattresses & Box Springs,1
1405,revived,H122 Mattresses & Box Springs,0
1406,saatva,H122 Mattresses & Box Springs,1
1407,sealy,H122 Mattresses & Box Springs,1
1408,serta,H122 Mattresses & Box Springs,1
1409,sleepfresh,H122 Mattresses & Box Springs,0
1410,sleepovation,H122 Mattresses & Box Springs,0
1411,talley,H122 Mattresses & Box Springs,1
1412,tanda,H122 Mattresses & Box Springs,1
1413,urbannest,H122 Mattresses & Box Springs,0
1414,verlo,H122 Mattresses & Box Springs,1
1415,vispring,H122 Mattresses & Box Springs,0
1416,voila,H122 Mattresses & Box Springs,1
1417,yaasa,H122 Mattresses & Box Springs,1
1418,yogabed,H122 Mattresses & Box Springs,0
1419,zinus,H122 Mattresses & Box Springs,0
1420,zombiebeds,H122 Mattresses & Box Springs,0
1421,acteon,H142 Bedding & Linens,0
1422,airweave,H142 Bedding & Linens,1
1423,allerease,H142 Bedding & Linens,1
1424,aquis,H142 Bedding & Linens,0
1425,avanti,H142 Bedding & Linens,1
1426,bassetti,H142 Bedding & Linens,1
1427,beautyrest,H142 Bedding & Linens,0
1428,bedgard,H142 Bedding & Linens,0
1429,bedgear,H142 Bedding & Linens,0
1430,bergers,H142 Bedding & Linens,0
1431,blanquil,H142 Bedding & Linens,0
1432,casper,H142 Bedding & Linens,0
1433,christy,H142 Bedding & Linens,1
1434,croscill,H142 Bedding & Linens,0
1435,cuddledown,H142 Bedding & Linens,0
1436,doodlefish,H142 Bedding & Linens,0
1437,downtown,H142 Bedding & Linens,0
1438,encapsys,H142 Bedding & Linens,0
1439,filson,H142 Bedding & Linens,0
1440,hygrocotton,H142 Bedding & Linens,0
1441,jomar,H142 Bedding & Linens,0
1442,liddell,H142 Bedding & Linens,0
1443,lilipi,H142 Bedding & Linens,1
1444,malouf,H142 Bedding & Linens,0
1445,medcline,H142 Bedding & Linens,1
1446,medslant,H142 Bedding & Linens,0
1447,mellanni,H142 Bedding & Linens,1
1448,mlily,H142 Bedding & Linens,1
1449,northwest,H142 Bedding & Linens,0
1450,panacea,H142 Bedding & Linens,1
1451,peachskinsheets,H142 Bedding & Linens,0
1452,pinzon,H142 Bedding & Linens,0
1453,posh,H142 Bedding & Linens,0
1454,rekoop,H142 Bedding & Linens,0
1455,revman,H142 Bedding & Linens,0
1456,rumpl,H142 Bedding & Linens,0
1457,sferra,H142 Bedding & Linens,1
1458,sleepgram,H142 Bedding & Linens,0
1459,splashpad,H142 Bedding & Linens,0
1460,surya,H142 Bedding & Linens,1
1461,tablecloth,H142 Bedding & Linens,0
1462,talalay,H142 Bedding & Linens,1
1463,textrade,H142 Bedding & Linens,1
1464,vianney,H142 Bedding & Linens,1
1465,welspun,H142 Bedding & Linens,0
1466,zonkd,H142 Bedding & Linens,0
1467,huebsch,H213 Laundry Equipment,0
1468,kenmore,H213 Laundry Equipment,1
1469,lg,H213 Laundry Equipment,0
1470,milnor,H213 Laundry Equipment,0
1471,samsung,H213 Laundry Equipment,0
1472,steele,H213 Laundry Equipment,1
1473,suitmate,H213 Laundry Equipment,1
1474,whirlpool,H213 Laundry Equipment,0
1475,duracell,H310 Household Batteries,0
1476,hindlepower,H310 Household Batteries,0
1477,interstate,H310 Household Batteries,1
1478,saft,H310 Household Batteries,0
1479,tenergy,H310 Household Batteries,1
1480,brawny,H339 Household Paper Products: Comb & NEC,1
1481,chinet,H339 Household Paper Products: Comb & NEC,0
1482,dixie,H339 Household Paper Products: Comb & NEC,1
1483,hefty,H339 Household Paper Products: Comb & NEC,1
1484,nubella,H339 Household Paper Products: Comb & NEC,1
1485,sophistiplate,H339 Household Paper Products: Comb & NEC,1
1486,visstun,H339 Household Paper Products: Comb & NEC,0
1487,reynolds,H339 Household Paper Products: Comb & NEC,0
1488,cascades,H339 Household Paper Products: Comb & NEC,0
1489,fiora,H339 Household Paper Products: Comb & NEC,1
1490,scott,H339 Household Paper Products: Comb & NEC,0
1491,sunrise,H339 Household Paper Products: Comb & NEC,1
1492,axion,H413 Dishwashing Detergents,0
1493,ballistol,H432 Multipurpose Cleaners (Cleansers),0
1494,clr,H432 Multipurpose Cleaners (Cleansers),0
1495,invinceable,H432 Multipurpose Cleaners (Cleansers),1
1496,pinalen,H432 Multipurpose Cleaners (Cleansers),0
1497,pinol,H432 Multipurpose Cleaners (Cleansers),0
1498,ansul,H625 Security & Fire Safety Systems,0
1499,autocall,H625 Security & Fire Safety Systems,0
1500,firetrace,H625 Security & Fire Safety Systems,1
1501,tornatech,H625 Security & Fire Safety Systems,0
1502,adt,H625 Security & Fire Safety Systems,0
1503,alula,H625 Security & Fire Safety Systems,1
1504,angee,H625 Security & Fire Safety Systems,1
1505,aperio,H625 Security & Fire Safety Systems,1
1506,arvig,H625 Security & Fire Safety Systems,0
1507,autotronics,H625 Security & Fire Safety Systems,0
1508,bosch,H625 Security & Fire Safety Systems,0
1509,bullard,H625 Security & Fire Safety Systems,0
1510,california,H625 Security & Fire Safety Systems,1
1511,canary,H625 Security & Fire Safety Systems,1
1512,centurylink,H625 Security & Fire Safety Systems,0
1513,dahua,H625 Security & Fire Safety Systems,1
1514,daymark,H625 Security & Fire Safety Systems,0
1515,defenselite,H625 Security & Fire Safety Systems,1
1516,dormakaba,H625 Security & Fire Safety Systems,1
1517,dortronics,H625 Security & Fire Safety Systems,0
1518,drager,H625 Security & Fire Safety Systems,0
1519,dsx,H625 Security & Fire Safety Systems,0
1520,edwards,H625 Security & Fire Safety Systems,0
1521,emed,H625 Security & Fire Safety Systems,0
1522,flir,H625 Security & Fire Safety Systems,0
1523,garrett,H625 Security & Fire Safety Systems,0
1524,grecon,H625 Security & Fire Safety Systems,0
1525,guardzilla,H625 Security & Fire Safety Systems,1
1526,hanwha,H625 Security & Fire Safety Systems,1
1527,hid,H625 Security & Fire Safety Systems,0
1528,hive,H625 Security & Fire Safety Systems,1
1529,kentek,H625 Security & Fire Safety Systems,0
1530,keyper,H625 Security & Fire Safety Systems,0
1531,laservision,H625 Security & Fire Safety Systems,0
1532,lifeshield,H625 Security & Fire Safety Systems,0
1533,liftmaster,H625 Security & Fire Safety Systems,0
1534,lutron,H625 Security & Fire Safety Systems,0
1535,matjack,H625 Security & Fire Safety Systems,0
1536,mcdermott,H625 Security & Fire Safety Systems,0
1537,mcgard,H625 Security & Fire Safety Systems,0
1538,meshare,H625 Security & Fire Safety Systems,1
1539,msa,H625 Security & Fire Safety Systems,1
1540,nightlock,H625 Security & Fire Safety Systems,0
1541,northstar,H625 Security & Fire Safety Systems,0
1542,onity,H625 Security & Fire Safety Systems,1
1543,panduit,H625 Security & Fire Safety Systems,0
1544,paragon,H625 Security & Fire Safety Systems,0
1545,pdt,H625 Security & Fire Safety Systems,0
1546,philips,H625 Security & Fire Safety Systems,0
1547,pilz,H625 Security & Fire Safety Systems,0
1548,qmi,H625 Security & Fire Safety Systems,1
1549,rauckman,H625 Security & Fire Safety Systems,0
1550,reolink,H625 Security & Fire Safety Systems,0
1551,rockwool,H625 Security & Fire Safety Systems,0
1552,rotogrip,H625 Security & Fire Safety Systems,0
1553,rutherford,H625 Security & Fire Safety Systems,0
1554,sectra,H625 Security & Fire Safety Systems,1
1555,secugen,H625 Security & Fire Safety Systems,0
1556,senstar,H625 Security & Fire Safety Systems,0
1557,simplisafe,H625 Security & Fire Safety Systems,1
1558,smartthings,H625 Security & Fire Safety Systems,0
1559,stonelock,H625 Security & Fire Safety Systems,0
1560,supra,H625 Security & Fire Safety Systems,1
1561,swann,H625 Security & Fire Safety Systems,0
1562,taser,H625 Security & Fire Safety Systems,0
1563,telaid,H625 Security & Fire Safety Systems,0
1564,tiresocks,H625 Security & Fire Safety Systems,0
1565,tncs,H625 Security & Fire Safety Systems,0
1566,trinity,H625 Security & Fire Safety Systems,1
1567,vicon,H625 Security & Fire Safety Systems,0
1568,vivint,H625 Security & Fire Safety Systems,0
1569,winsted,H625 Security & Fire Safety Systems,0
1570,xfinity,H625 Security & Fire Safety Systems,1
1571,airinum,H625 Security & Fire Safety Systems,0
1572,anemostat,H625 Security & Fire Safety Systems,0
1573,cobra,H625 Security & Fire Safety Systems,1
1574,egeetouch,H625 Security & Fire Safety Systems,0
1575,firefly,H625 Security & Fire Safety Systems,1
1576,gatehands,H625 Security & Fire Safety Systems,0
1577,hypr,H625 Security & Fire Safety Systems,0
1578,maglocks,H625 Security & Fire Safety Systems,0
1579,omnia,H625 Security & Fire Safety Systems,1
1580,pepperface,H625 Security & Fire Safety Systems,1
1581,rexing,H625 Security & Fire Safety Systems,0
1582,rki,H625 Security & Fire Safety Systems,1
1583,schlage,H625 Security & Fire Safety Systems,1
1584,scholarchip,H625 Security & Fire Safety Systems,0
1585,seton,H625 Security & Fire Safety Systems,0
1586,stinis,H625 Security & Fire Safety Systems,0
1587,tapplock,H625 Security & Fire Safety Systems,0
1588,toc,H625 Security & Fire Safety Systems,0
1589,whistler,H625 Security & Fire Safety Systems,0
1590,fireking,H625 Security & Fire Safety Systems,0
1591,hexarmor,H625 Security & Fire Safety Systems,0
1592,behr,H631 Paint,0
1593,berel,H631 Paint,0
1594,comex,H631 Paint,0
1595,dap,H631 Paint,0
1596,drikolor,H631 Paint,0
1597,drylok,H631 Paint,0
1598,glidden,H631 Paint,0
1599,ideapaint,H631 Paint,0
1600,osel,H631 Paint,0
1601,valspar,H631 Paint,0
1602,cm,"T139 Vehicles, Sales & Leasing: Comb Copy&NEC",0
1603,dutchmen,"T139 Vehicles, Sales & Leasing: Comb Copy&NEC",0
1604,lance,"T139 Vehicles, Sales & Leasing: Comb Copy&NEC",1
1605,maurer,"T139 Vehicles, Sales & Leasing: Comb Copy&NEC",0
1606,norris,"T139 Vehicles, Sales & Leasing: Comb Copy&NEC",0
1607,novatech,"T139 Vehicles, Sales & Leasing: Comb Copy&NEC",0
1608,stoughton,"T139 Vehicles, Sales & Leasing: Comb Copy&NEC",0
1609,thor,"T139 Vehicles, Sales & Leasing: Comb Copy&NEC",0
1610,traillite,"T139 Vehicles, Sales & Leasing: Comb Copy&NEC",1
1611,duralast,T141 Automotive Batteries,0
1612,interstate,T141 Automotive Batteries,1
1613,optima,T141 Automotive Batteries,1
1614,aida,T412 Cruise Ship Travel,1
1615,aquafest,T412 Cruise Ship Travel,0
1616,arenui,T412 Cruise Ship Travel,1
1617,blount,T412 Cruise Ship Travel,0
1618,costa,T412 Cruise Ship Travel,1
1619,cunard,T412 Cruise Ship Travel,0
1620,electra,T412 Cruise Ship Travel,1
1621,flagship,T412 Cruise Ship Travel,0
1622,goirishtours,T412 Cruise Ship Travel,0
1623,merengue,T412 Cruise Ship Travel,1
1624,oceania,T412 Cruise Ship Travel,1
1625,seabourn,T412 Cruise Ship Travel,0
1626,searcher,T412 Cruise Ship Travel,0
1627,silversea,T412 Cruise Ship Travel,1
1628,tauck,T412 Cruise Ship Travel,0
1629,twilight,T412 Cruise Ship Travel,0
1630,alitalia,T421 Travel Services,1
1631,globus,T421 Travel Services,0
1632,smartours,T421 Travel Services,0
1633,sprinterbus,T421 Travel Services,0
1634,travelworld,T421 Travel Services,0
1635,umbria,T421 Travel Services,1
1636,vistajet,T421 Travel Services,0
1637,legoland,"T440 Amusement, Water & Theme Parks",0
1638,aesthetispa,V131 Beauty Shops,1
1639,amerejuve,V131 Beauty Shops,1
1640,cosmeticare,V131 Beauty Shops,1
1641,hairclub,V131 Beauty Shops,0
1642,hairdirect,V131 Beauty Shops,0
1643,priv,V131 Beauty Shops,0
1644,spa,V131 Beauty Shops,1
1645,microgame,V363 Toy Stores,1
1646,toymasters,V363 Toy Stores,0
1647,gamestop,V363 Toy Stores,0
1648,misterart,V364 Hobby & Craft Stores,0
1649,mahoneys,V365 Sporting Goods Stores,0
1650,mauisails,V365 Sporting Goods Stores,0
1651,onestopfanshop,V365 Sporting Goods Stores,0
1652,ruger,V365 Sporting Goods Stores,0
