,Name,Category,Colour Scheme,Font ,Gender in Photos,Gender in Photos Ratio (M:F),Language (M or F First),Overall Prediction,Notes,URL,Date
1,gill,A141 Sportswear & Athleticwear,male,not female,male,4:01,M,M,,https://www.gillmarine.com/us/,18-Nov-19
3,reebok,A141 Sportswear & Athleticwear,slight male,slight female,slight female,4:05,F,F,female-focused advertisements,https://www.reebok.com/us,18-Nov-19
5,vans,A141 Sportswear & Athleticwear,neutral,not female,neutral,1:01,M,M,"most pictures not fullbody, only counted those + not in gallery (if inlcuded, 8:8)",https://www.vans.com/shop.html,18-Nov-19
6,roka,A141 Sportswear & Athleticwear,neutral,male,neutral,4:01,M,M,heavily tailored towards active people,https://www.roka.com/,18-Nov-19
7,lululemon,A141 Sportswear & Athleticwear,neutral,neutral,female,3:06,F,F,#NAME?,https://shop.lululemon.com/,18-Nov-19
8,quiksilver,A141 Sportswear & Athleticwear,neutral,not female,male,9:01,M,M,,https://www.quiksilver.com/?geopopup=false,18-Nov-19
12,chubbies,A141 Sportswear & Athleticwear,,,,12:00,M,M,,https://www.chubbiesshorts.com/,7-Jan-20
13,sandro,A141 Sportswear & Athleticwear,,,,2:01,F,F,"supplementary search showed for women, weighed language more heavily",https://us.sandro-paris.com/,7-Jan-20
14,lee,A141 Sportswear & Athleticwear,,,,4:05,F,F,,https://www.lee.com/,7-Jan-20
15,wrangler,A141 Sportswear & Athleticwear,,,,4:04,M,M,"Rotating photo gallery, only used static images",https://www.wrangler.com/,7-Jan-20
16,gabba,A141 Sportswear & Athleticwear,,,,11:00,M,M,No mention of females,https://www.gabba-denim.com/,7-Jan-20
17,blair,A141 Sportswear & Athleticwear,,,,3:07,F,F,,https://www.blair.com/#,7-Jan-20
18,zoot,A141 Sportswear & Athleticwear,,,,2:01,M,M,,https://zootsports.com/,7-Jan-20
19,dainese,A141 Sportswear & Athleticwear,,,,2:01,M,M,"Only clear pictures were noted, rest were in clothing. Male/female found from hovering over shop",https://www.dainese.com/us/en/home/,7-Jan-20
20,kerusso,A141 Sportswear & Athleticwear,,,,4:05,F,F,ignored instagram,https://www.kerusso.com/,7-Jan-20
21,puma,A141 Sportswear & Athleticwear,,,,1:00,F,F,weighed language more heavily,https://ca.puma.com/en_CA/home?locale=en_CA&mktID=PL:Brand%20Marketing:Puma.com-CatchAllPage:Canada-en&plinkID=Brand,7-Jan-20
22,filson,A141 Sportswear & Athleticwear,,,,2:02,M,M,,https://www.filson.com/,7-Jan-20
23,assos,A141 Sportswear & Athleticwear,,,,3:01,M,M,,https://www.assos.com/,7-Jan-20
24,garneau,A141 Sportswear & Athleticwear,,,,4:03,M,M,,https://garneau.com/us_en/,7-Jan-20
25,izod,A141 Sportswear & Athleticwear,,,,9:03,M,M,,https://izod.partnerbrands.com/en,7-Jan-20
26,dockers,A141 Sportswear & Athleticwear,,,,6:00,M,M,,https://www.dockers.com/US/en_US/,7-Jan-20
27,isadore,A141 Sportswear & Athleticwear,,,,1:01,M,M,,https://isadore.com/,7-Jan-20
28,speedo,A141 Sportswear & Athleticwear,,,,3:12,F,F,,https://www.speedo.com/,7-Jan-20
29,boathouse,A141 Sportswear & Athleticwear,,,,12:23,M,F,,https://boathousestores.com/,7-Jan-20
30,patagonia,A141 Sportswear & Athleticwear,,,,2:01,M,M,"used rotating images (only 4), and used shop for male v female",https://www.patagonia.ca/home/,7-Jan-20
31,billabong,A141 Sportswear & Athleticwear,,,,1:01,M,M,,https://www.billabong.com/en-ca,7-Jan-20
32,columbia,A141 Sportswear & Athleticwear,,,,3:06,M,F,,https://www.columbiasportswear.ca/,7-Jan-20
33,fila,A141 Sportswear & Athleticwear,,,,4:04,M,M,,https://www.fila.com/us,7-Jan-20
34,bonobos,A141 Sportswear & Athleticwear,,,,7:00,M,M,brand for males,https://bonobos.com/,7-Jan-20
35,athleta,A141 Sportswear & Athleticwear,,,,0:06,F,F,brand for females,https://athleta.gap.com/,7-Jan-20
36,valentino,A141 Sportswear & Athleticwear,,,,1:04,F,F,,https://www.valentino.com/en-us,7-Jan-20
37,lacoste,A141 Sportswear & Athleticwear,,,,5:01,M,M,,https://www.lacoste.com/ca/en/,7-Jan-20
38,dolfin,A141 Sportswear & Athleticwear,,,,3:04,F,F,,https://www.dolfinswimwear.com/,7-Jan-20
39,converse,A141 Sportswear & Athleticwear,,,,1:01,F,F,,https://www.converse.ca/,7-Jan-20
40,versace,A141 Sportswear & Athleticwear,,,,3:05,F,F,,https://www.versace.com/,7-Jan-20
41,nautica,A141 Sportswear & Athleticwear,,,,2:02,M,M,,https://www.nautica.com/,7-Jan-20
42,asics,A141 Sportswear & Athleticwear,,,,3:03,M,M,,https://www.asics.com/us/en-us/,7-Jan-20
43,prada,A141 Sportswear & Athleticwear,,,,1:02,F,F,,https://www.prada.com/ca/en.html,7-Jan-20
44,dkny,A141 Sportswear & Athleticwear,,,,1:03,F,F,,https://www.donnakaran.com/category/dkny.do,7-Jan-20
45,venus,A141 Sportswear & Athleticwear,,,,0:06,F,F,brand for females,https://www.venus.com/,7-Jan-20
46,roxy,A141 Sportswear & Athleticwear,,,,0:09,F,F,brand for females,https://www.roxy.com/en-ca,7-Jan-20
64,nike,A141 Sportswear & Athleticwear,,,,2:04,M,M,,https://www.nike.com/us,9-Jan-20
66,levis,A141 Sportswear & Athleticwear,,,,7:06,M,M,admittedly some gender ambiguous people,https://www.levi.com/US/en_US/,9-Jan-20
73,saucony,A141 Sportswear & Athleticwear,,,,2:01,M,M,,https://www.saucony.com/en/home,9-Jan-20
2,rampage,A311 Womens Shoes & Boots,female,female,female,0:06,F,F,"name is a noun -> conflicting, plus only sell women's clothing",https://www.rampage.com/,18-Nov-19
9,blundstone,A311 Womens Shoes & Boots,neutral,neutral,neutral,3:03,F,F,,https://www.blundstone.com/,18-Nov-19
10,gucci,A311 Womens Shoes & Boots,neutral,neutral,female,5:06,F,F,,https://www.gucci.com/us/en/,18-Nov-19
11,skechers,A311 Womens Shoes & Boots,neutral,neutral,female,2:03,F,F,,https://www.skechers.com/en-us/,18-Nov-19
47,aldo,A311 Womens Shoes & Boots,,,,0:01,F,F,,https://www.aldoshoes.com/ca/en,7-Jan-20
48,latigo,A311 Womens Shoes & Boots,,,,0:04,F,F,brand for females,http://www.latigoshoes.com/,8-Jan-20
49,crocs,A311 Womens Shoes & Boots,,,,1:06,F,F,,https://www.crocs.ca/,8-Jan-20
50,chaco,A311 Womens Shoes & Boots,,,,0:01,F,F,,https://www.chacos.com/US/en/home,8-Jan-20
52,boden,A311 Womens Shoes & Boots,,,,1:05,F,F,,https://www.boden.co.uk/,8-Jan-20
53,balmain,A311 Womens Shoes & Boots,,,,3:09,F,F,,https://www.balmain.com/ca,8-Jan-20
54,bearpaw,A311 Womens Shoes & Boots,,,,0:01,F,F,,https://www.bearpawshoes.ca/,9-Jan-20
55,tods,A311 Womens Shoes & Boots,,,,1:01,F,F,,https://www.tods.com/ww-en/home.html,9-Jan-20
56,birkenstock,A311 Womens Shoes & Boots,,,,1:00,F,M,"nav bar had women first, but second area had men before women",https://www.birkenstock.com/us,9-Jan-20
57,havaianas,A311 Womens Shoes & Boots,,,,2:02,F,F,,https://us.havaianas.com/,9-Jan-20
58,fitflop,A311 Womens Shoes & Boots,,,,0:01,F,F,,https://www.fitflop.com/ca/en/,9-Jan-20
59,dior,A311 Womens Shoes & Boots,,,,9:10,F,F,,https://www.dior.com/en_int,9-Jan-20
60,naturalizer,A311 Womens Shoes & Boots,,,,0:01,F,F,brand for females,https://www.naturalizer.ca/,9-Jan-20
61,dansko,A311 Womens Shoes & Boots,,,,1:04,F,F,,https://www.dansko.com/,9-Jan-20
62,fuchsia,A311 Womens Shoes & Boots,,,,0:02,F,F,brand for females,https://fuchsiashoes.com/,9-Jan-20
63,chloe,A311 Womens Shoes & Boots,,,,0:07,F,F,brand for females,https://www.chloe.com/us,9-Jan-20
65,cougar,A311 Womens Shoes & Boots,,,,0:04,F,F,,https://www.cougarshoes.com/,9-Jan-20
67,keds,A311 Womens Shoes & Boots,,,,0:01,F,F,,https://www.keds.com/en/home,9-Jan-20
68,clarks,A311 Womens Shoes & Boots,,,,1:02,F,F,,https://www.clarkscanada.com/,9-Jan-20
69,hermes,A311 Womens Shoes & Boots,,,,3:04,F,F,,https://www.hermes.com/us/en/,9-Jan-20
0,greats,A321 Sneakers,neutral,not female,neutral,1:00,M,M,"THROUGHOUT: did not count children, or same people that appeared twice in same picture/clothes. Only counted upper body and/or face, ignored just legs and below. If website had no pictures, ignored. Language inferred from branding in google search (men's brand, women's brand, etc.)",https://www.greats.com/,18-Nov-19
70,lalo,A321 Sneakers,,,,3:02,M,M,,https://lalo.com/,9-Jan-20
71,mephisto,A321 Sneakers,,,,1:02,F,F,,https://www.mephisto.com/,9-Jan-20
72,altra,A321 Sneakers,,,,0:03,F,F,,https://www.altrarunning.com/,9-Jan-20
74,vasque,A321 Sneakers,,,,1:00,M,M,,https://www.vasque.com/,9-Jan-20
75,merrell,A321 Sneakers,,,,1:07,F,F,,https://www.merrell.com/US/en/home,9-Jan-20
76,ellesse,A321 Sneakers,,,,5:06,M,F,,https://ellesse.com/uk/en,9-Jan-20
78,ryka,A321 Sneakers,,,,0:04,F,F,brand for females,https://www.ryka.com/,9-Jan-20
79,ecco,A321 Sneakers,,,,5:04,F,F,,https://ca.ecco.com/en,9-Jan-20
81,spartina,A411 Handbags,,,,0:09,,,,http://www.spartina449.com/,
82,mcm,A411 Handbags,,,,2:01,,,,https://us.mcmworldwide.com/en_US/home,
83,hobo,A411 Handbags,,,,0:03,,,,https://www.hobobags.com/,
84,frye,A411 Handbags,,,,1:02,,,,https://www.thefryecompany.com/,
85,mango,A411 Handbags,,,,1:13,,,,https://shop.mango.com/us,
86,brahmin,A411 Handbags,,,,0:03,,,,https://www.brahmin.com/home,
87,loewe,A411 Handbags,,,,3:05,,,,https://www.loewe.com/usa/en/home,
88,etro,A411 Handbags,,,,4:04,,,,https://www.etro.com/us-en/,
89,bandolier,A411 Handbags,,,,2:05,,,,https://www.bandolierstyle.com/,
90,longchamp,A411 Handbags,,,,0:09,,,,https://www.longchamp.com/us/en/,
91,fendi,A411 Handbags,,,,2:04,,,,https://www.fendi.com/us/,
92,moschino,A411 Handbags,,,,2:00,,,,https://www.moschino.com/us_en/moschino.html,
93,akris,A411 Handbags,,,,0:15,,,,https://us.akris.com/,
94,burberry,A411 Handbags,,,,11:11,,,,https://us.burberry.com/?locale=en_US,
95,samara,A411 Handbags,,,,0:05,,,,https://samarabags.com/,
96,lanvin,A411 Handbags,,,,4:05,,,,https://www.lanvin.com/us/,
97,givenchy,A411 Handbags,,,,1:02,,,,https://www.givenchy.com/us/en-US/homepage,
98,maxmara,A411 Handbags,,,,0:05,,,,https://us.maxmara.com/,
100,chanel,A411 Handbags,,,,0:07,,,,https://www.chanel.com/us/,
101,tiffany,A411 Handbags,,,,0:04,,,,https://www.tiffany.com/,
103,revo,A430 Sunglasses,,,,2:04,,,`,https://www.revo.com/,
104,costa,A430 Sunglasses,,,,4:04,,,,https://www.costadelmar.com/us/en/sunglasses,
106,oakley,A430 Sunglasses,,,,13:00,,,,https://www.oakley.com/en-us,
107,serengeti,A430 Sunglasses,,,,5:05,,,,https://www.serengeti-eyewear.com/en-ca/,
109,zeal,A430 Sunglasses,,,,4:02,,,,https://www.zealoptics.com/US/en_US?clear=true,
110,cartier,A430 Sunglasses,,,,0:02,,,,https://www.cartier.com/,
111,ess,A430 Sunglasses,,,,3:00,,,,https://www.esseyepro.com/,
112,voca,A430 Sunglasses,,,,1:01,,,,https://vocaeyewear.com/our-story/,
113,vogue,A430 Sunglasses,,,,1:02,,,,https://www.vogue-eyewear.com/us,
114,prosper,B111 Credit Cards,,,,1:00,,,,https://www.prosper.com/,
115,netspend,B111 Credit Cards,,,,1:02,,,,https://www.netspend.com/,
116,mastercard,B111 Credit Cards,,,,1:05,,,,https://www.mastercard.us/en-us.html,
117,citigroup,B111 Credit Cards,,,,1:00,,,,https://www.citigroup.com/citi/,
118,brinks,B111 Credit Cards,,,,1:00,,,,https://us.brinks.com/,
119,barclaycard,B111 Credit Cards,,,,1:03,,,,https://cards.barclaycardus.com/,
120,itau,B111 Credit Cards,,,,1:01,,,,https://www.itau.com/,
121,jcb,B111 Credit Cards,,,,1:04,,,,https://www.global.jcb/en/,
123,scotiabank,B111 Credit Cards,,,,0:03,,,,https://www.scotiabank.com/ca/en/personal.html,
124,macerich,B111 Credit Cards,,,,4:15,,,,https://www.macerich.com/,
125,vanguard,B122 Investment Products & Services (Excluding Retirement),,,,3:02,,,,https://investor.vanguard.com/corporate-portal/,
126,nationwide,B122 Investment Products & Services (Excluding Retirement),,,,5:04,,,,https://www.nationwide.com/,
127,liquidnet,B122 Investment Products & Services (Excluding Retirement),,,,7:02,,,,https://www.liquidnet.com/,
128,nadex,B122 Investment Products & Services (Excluding Retirement),,,,1:00,,,,https://www.nadex.com/,
130,synacor,"B651 Advertising, Marketing & Printing Svcs",,,,1:01,,,,https://synacor.com/,
133,merlin,B913 Employment Agencies,,,,0:01,,,,https://merlinjobs.com/,
134,tmc,B913 Employment Agencies,,,,1:00,,,,https://tmc-employeneurship.com/careers,
135,roc,"D119 Skin Care Products, General Promotion/Multi-Category/Corporate/Sponsorship",,,,0:02,,,,https://www.rocskincare.com/,
137,garnier,"D119 Skin Care Products, General Promotion/Multi-Category/Corporate/Sponsorship",,,,0:05,,,,https://www.garnierusa.com/,
138,vaseline,"D119 Skin Care Products, General Promotion/Multi-Category/Corporate/Sponsorship",,,,0:01,,,,https://www.vaseline.com/ca/en,
139,gojo,"D119 Skin Care Products, General Promotion/Multi-Category/Corporate/Sponsorship",,,,4:05,,,,https://www.gojo.com/en/,
140,chamonix,"D119 Skin Care Products, General Promotion/Multi-Category/Corporate/Sponsorship",,,,0:08,,,,https://www.betterskintoday.com/,
141,palmers,"D119 Skin Care Products, General Promotion/Multi-Category/Corporate/Sponsorship",,,,0:03,,,,https://ca.palmers.com/,
142,jergens,"D119 Skin Care Products, General Promotion/Multi-Category/Corporate/Sponsorship",,,,0:01,,,,https://www.jergens.com/en-ca/,
143,elemis,"D119 Skin Care Products, General Promotion/Multi-Category/Corporate/Sponsorship",,,,1:12,,,,https://www.elemis.com/us/?redirect=yes,
144,ponds,"D119 Skin Care Products, General Promotion/Multi-Category/Corporate/Sponsorship",,,,0:03,,,,https://www.ponds.com/us/en/home.html,
146,tula,"D119 Skin Care Products, General Promotion/Multi-Category/Corporate/Sponsorship",,,,0:01,,,,https://www.tula.com/,
149,caudalie,"D119 Skin Care Products, General Promotion/Multi-Category/Corporate/Sponsorship",,,,0:04,,,,https://us.caudalie.com/,
150,aveeno,"D119 Skin Care Products, General Promotion/Multi-Category/Corporate/Sponsorship",,,,0:09,,,,https://www.aveeno.com/,
151,skinceuticals,"D119 Skin Care Products, General Promotion/Multi-Category/Corporate/Sponsorship",,,,0:03,,,,https://www.skinceuticals.ca/,
152,weleda,"D119 Skin Care Products, General Promotion/Multi-Category/Corporate/Sponsorship",,,,0:04,,,,https://www.weleda.com/,
154,neutrogena,"D119 Skin Care Products, General Promotion/Multi-Category/Corporate/Sponsorship",,,,0:03,,,,https://www.neutrogena.com/,
155,clinique,"D119 Skin Care Products, General Promotion/Multi-Category/Corporate/Sponsorship",,,,0:06,,,,https://www.clinique.com/,
156,clarins,"D119 Skin Care Products, General Promotion/Multi-Category/Corporate/Sponsorship",,,,0:03,,,,https://www.clarinsusa.com/on/demandware.store/Sites-clarinsus-Site/en_US,
157,eucerin,"D119 Skin Care Products, General Promotion/Multi-Category/Corporate/Sponsorship",,,,0:03,,,,https://www.eucerinus.com/,
158,dermalogica,"D119 Skin Care Products, General Promotion/Multi-Category/Corporate/Sponsorship",,,,0:08,,,,https://www.dermalogica.ca/on/demandware.store/Sites-dermalogica-ca-Site/en_CA/Home-Show,
159,shiseido,"D119 Skin Care Products, General Promotion/Multi-Category/Corporate/Sponsorship",,,,0:03,,,,https://www.shiseido.com/ca/en/,
160,elf,"D119 Skin Care Products, General Promotion/Multi-Category/Corporate/Sponsorship",,,,0:01,,,,https://www.elfcosmetics.com/,
161,glossier,"D149 Face Makeup, General Promotion/Multi-Category/Corporate/Sponsorship",,,,0:02,,,,https://www.glossier.com/,
163,australis,"D181 Women's Scents, Fragrances, Perfumes",,,,0:14,,,,https://www.australiscosmetics.com.au/,
164,boucheron,"D181 Women's Scents, Fragrances, Perfumes",,,,0:04,,,,https://www.boucheron.com/en/,
165,rembrandt,D211 Toothpaste & Whiteners,,,,3:03,,,,https://www.rembrandt.com/,
166,pola,D211 Toothpaste & Whiteners,,,,1:03,,,,https://polawhite.com.au/en-US/,
167,colgate,D211 Toothpaste & Whiteners,,,,0:02,,,,https://www.colgate.com/en-ca,
170,crest,D211 Toothpaste & Whiteners,,,,3:02,,,,https://crest.com/en-us,
171,remington,D259 Womens Shaving Supplies General Promotion,,,,5:13,,,,http://www.remingtonproducts.com/,
172,cremo,D439 Mens Shaving Equipment & Supplies General Promotion,,,,4:00,,,,https://cremocompany.com/,
173,gillette,D439 Mens Shaving Equipment & Supplies General Promotion,,,,4:00,,,,https://gillette.ca/en-ca,
174,braun,D439 Mens Shaving Equipment & Supplies General Promotion,,,,5:02,,,,https://us.braun.com/en-us,
175,harrys,D439 Mens Shaving Equipment & Supplies General Promotion,,,,2:00,,,,https://www.harrys.com/en/ca,
176,barbasol,D439 Mens Shaving Equipment & Supplies General Promotion,,,,1:00,,,,https://barbasol.com/,
177,bevel,D439 Mens Shaving Equipment & Supplies General Promotion,,,,7:00,,,,https://getbevel.com/,
178,aleve,D511 Pain Remedies,,,,2:03,,,,https://www.aleve.com/,
179,tylenol,D511 Pain Remedies,,,,4:02,,,,https://www.tylenol.com/,
180,advil,D511 Pain Remedies,,,,2:02,,,,https://www.advil.com/,
181,bc,D511 Pain Remedies,,,,3:04,,,,https://www.bcpowder.com/,
182,excedrin,D511 Pain Remedies,,,,1:01,,,,https://www.excedrin.com/,
183,motrin,D511 Pain Remedies,,,,0:02,,,,https://www.motrin.com/,
185,anacin,D511 Pain Remedies,,,,1:02,,,,https://www.anacin.com/,
187,pfizer,"D529 Cold, Cough, Sinus & Asthma Remdies:Comb & NEC",,,,4:03,,,,https://www.pfizer.com/,
188,vicks,"D529 Cold, Cough, Sinus & Asthma Remdies:Comb & NEC",,,,1:01,,,,https://vicks.com/en-us,
189,robitussin,"D529 Cold, Cough, Sinus & Asthma Remdies:Comb & NEC",,,,2:05,,,,https://www.robitussin.com/,
190,gatorade,D543 Nutritional Supplements,,,,2:00,,,,https://www.gatorade.com/,
192,kion,D543 Nutritional Supplements,,,,3:01,,,,https://getkion.com/,
193,ascent,D543 Nutritional Supplements,,,,4:00,,,,https://www.ascentprotein.com/,
194,atkins,D543 Nutritional Supplements,,,,5:03,,,,https://www.atkins.com/?bypassgeoip=1,
195,weider,D543 Nutritional Supplements,,,,0:02,,,,https://www.weider.com/,
196,epicor,D543 Nutritional Supplements,,,,3:02,,,,https://www.epicorimmune.com/,
197,mhp,D543 Nutritional Supplements,,,,1:00,,,,https://mhpstrong.com/,
200,limitless,D543 Nutritional Supplements,,,,2:00,,,,https://limitlessnutritioninc.com/,
202,pritikin,D543 Nutritional Supplements,,,,6:08,,,,https://www.pritikin.com/,
203,staunch,D543 Nutritional Supplements,,,,1:00,,,,https://staunchnation.com/,
204,gnc,D543 Nutritional Supplements,,,,3:02,,,,https://www.gnc.com/,
205,soylent,D543 Nutritional Supplements,,,,2:01,,,,https://soylent.com/,
207,musclepharm,D543 Nutritional Supplements,,,,4:02,,,,https://musclepharm.com/,
208,hylands,D543 Nutritional Supplements,,,,2:03,,,,https://www.hylands.com/,
209,align,D543 Nutritional Supplements,,,,3:03,,,,https://www.alignprobiotics.com/en-us,
210,amway,D543 Nutritional Supplements,,,,0:02,,,,https://www.amway.com/,
211,juven,D543 Nutritional Supplements,,,,2:03,,,,https://juven.com/,
212,muscletech,D543 Nutritional Supplements,,,,1:01,,,,https://www.muscletech.ca/,
216,mri,D543 Nutritional Supplements,,,,6:00,,,,https://mri-performance.com/,
219,iwi,D543 Nutritional Supplements,,,,1:03,,,,https://iwilife.com/,
220,usana,D543 Nutritional Supplements,,,,0:02,,,,https://www.usana.com/ux/dotcom/#!/enu-US/home,
221,ignite,D543 Nutritional Supplements,,,,7:03,,,,https://ignitenutrition.com/,
222,reaal,D543 Nutritional Supplements,,,,3:02,,,,https://reaal.tlcchealth.com/,
223,flyte,D543 Nutritional Supplements,,,,7:07,,,,https://flytesport.com/,
224,immunocal,D543 Nutritional Supplements,,,,4:04,,,,https://www.immunotec.com/,
225,berocca,D543 Nutritional Supplements,,,,5:02,,,,https://www.buyberocca.com/en/home/,
229,esi,D543 Nutritional Supplements,,,,0:03,,,,https://www.esi-nutrition.com/en/,
231,hims,D543 Nutritional Supplements,,,,6:00,,,,https://www.forhims.com/,
232,enu,D543 Nutritional Supplements,,,,7:06,,,,https://www.enu-nutrition.com/,
235,isagenix,D543 Nutritional Supplements,,,,2:03,,,,https://www.isagenix.com/en-us/,
237,culturelle,D543 Nutritional Supplements,,,,6:07,,,,https://www.culturelle.com/,
239,splenda,F113 Artificial Sweeteners,,,,3:03,,,,https://www.splenda.com/,
240,nutella,F280 Peanut Butter & Sandwich Spreads,,,,1:01,,,,https://www.nutella.com/us/en/,
241,smuckers,F280 Peanut Butter & Sandwich Spreads,,,,1:00,,,,https://www.smuckers.com/,
242,maranatha,F280 Peanut Butter & Sandwich Spreads,,,,1:01,,,,http://www.maranathafoods.com/,
243,deans,"F313 Ice Cream, Frozen Novelties & Sherbet",,,,2:01,,,,http://www.deanfoods.com/,
244,kemps,"F313 Ice Cream, Frozen Novelties & Sherbet",,,,2:02,,,,https://kemps.com/,
245,holanda,"F313 Ice Cream, Frozen Novelties & Sherbet",,,,0:02,,,,https://www.heladosholanda.com.mx/home.html,
246,lactaid,"F313 Ice Cream, Frozen Novelties & Sherbet",,,,1:01,,,,https://www.lactaid.com/,
247,hudsonville,"F313 Ice Cream, Frozen Novelties & Sherbet",,,,1:01,,,,https://www.hudsonvilleicecream.com/,
248,coolhaus,"F313 Ice Cream, Frozen Novelties & Sherbet",,,,0:02,,,,https://cool.haus/,
249,abbotts,"F313 Ice Cream, Frozen Novelties & Sherbet",,,,6:05,,,,https://www.abbottscustard.com/,
250,loacker,F343 Cookies & Crackers,,,,4:05,,,,https://www.loackerusa.com/en/,
251,biscoff,F343 Cookies & Crackers,,,,2:01,,,,https://www.lotusbiscoff.com/en-us,
253,mcdonalds,F411 Coffee,,,,2:02,,,,https://www.mcdonalds.com/us/en-us.html,
254,nespresso,F411 Coffee,,,,2:01,,,,https://www.nespresso.com/us/,
255,nescafe,F411 Coffee,,,,2:00,,,,https://www.nescafe.com/,
256,tostitos,"F539 Chips, Nuts, Popcorn & Pretzels General Promotion",,,,3:03,,,,https://www.tostitos.com/,
257,shearers,"F539 Chips, Nuts, Popcorn & Pretzels General Promotion",,,,1:00,,,,https://www.shearers.com/,
258,pringles,"F539 Chips, Nuts, Popcorn & Pretzels General Promotion",,,,8:05,,,,https://www.popcorners.com/,
259,landshark,F611 Regular Beer & Ale,,,,2:01,,,,https://www.landsharklager.com/,
260,miller,F611 Regular Beer & Ale,,,,3:01,,,,https://www.millerlite.com/,
261,heineken,F611 Regular Beer & Ale,,,,2:02,,,,https://www.heineken.com/us,
262,steinlager,F611 Regular Beer & Ale,,,,3:00,,,,https://steinlager.com/,
263,carlsberg,F611 Regular Beer & Ale,,,,3:01,,,,https://www.carlsberg.com/en/,
264,amstel,F611 Regular Beer & Ale,,,,3:00,,,,https://www.amstel.com/,
265,rogue,F611 Regular Beer & Ale,,,,4:01,,,,https://www.rogue.com/,
266,tecate,F611 Regular Beer & Ale,,,,3:01,,,,https://tecatebeerusa.com/,
267,labatt,F611 Regular Beer & Ale,,,,2:02,,,,http://www.labatt.com/,
268,sol,F611 Regular Beer & Ale,,,,6:05,,,,https://www.sol.com/ca/en/homepage,
269,busch,F611 Regular Beer & Ale,,,,2:00,,,,https://www.busch.com/,
270,sapporo,F611 Regular Beer & Ale,,,,1:00,,,,https://sapporobeer.com/,
271,brooklyn,F611 Regular Beer & Ale,,,,5:00,,,,https://brooklynbrewery.com/,
272,altstadt,F611 Regular Beer & Ale,,,,3:03,,,,https://www.altstadtbeer.com/,
273,chang,F611 Regular Beer & Ale,,,,13:00,,,,https://www.changbeer.com/?lang=en,
274,sunup,F611 Regular Beer & Ale,,,,1:01,,,,https://sunup.beer/,
275,widmer,F611 Regular Beer & Ale,,,,5:02,,,,https://www.widmerbrothers.com/,
276,pabst,F611 Regular Beer & Ale,,,,1:03,,,,https://pabstblueribbon.com/,
277,hoboken,F611 Regular Beer & Ale,,,,1:01,,,,https://hobokenbrewing.beer/,
279,bruz,F611 Regular Beer & Ale,,,,2:00,,,,https://www.bruzbeers.com/,
280,teledyne,G141 Cameras (Excl Video),,,,0:01,,,,http://www.teledyne.com/,
281,flir,G141 Cameras (Excl Video),,,,2:01,,,,https://www.flir.ca/,
282,ricoh,G141 Cameras (Excl Video),,,,5:02,,,,https://www.ricoh-usa.com/,
283,fujifilm,G141 Cameras (Excl Video),,,,1:00,,,,https://www.fujifilm.ca/index.html,
284,nikon,G141 Cameras (Excl Video),,,,2:07,,,,https://www.nikon.com/,
285,sealife,G141 Cameras (Excl Video),,,,3:02,,,,https://www.sealife-cameras.com/,
286,polaroid,G141 Cameras (Excl Video),,,,1:01,,,,https://us.polaroid.com/,
288,olympus,G141 Cameras (Excl Video),,,,4:03,,,,https://www.getolympus.com/,
289,perkins,G323 Casual Dining Restaurants,,,,1:01,,,,https://www.perkinsrestaurants.com/,
290,bonefish,G323 Casual Dining Restaurants,,,,1:01,,,,https://www.bonefishgrill.com/,
291,fuddruckers,G323 Casual Dining Restaurants,,,,1:01,,,,https://www.fuddruckers.com/#,
292,benihana,G323 Casual Dining Restaurants,,,,5:03,,,,https://www.benihana.com/,
293,salata,G323 Casual Dining Restaurants,,,,1:01,,,,https://www.salata.com/,
294,pappas,G323 Casual Dining Restaurants,,,,0:01,,,,https://www.pappas.com/home/,
295,tucanos,G323 Casual Dining Restaurants,,,,0:01,,,,https://www.tucanos.com/,
296,hakkasan,G323 Casual Dining Restaurants,,,,3:07,,,,https://hakkasan.com/,
297,dennys,G323 Casual Dining Restaurants,,,,6:06,,,,https://www.dennys.com/,
298,sizzler,G323 Casual Dining Restaurants,,,,2:04,,,,https://www.sizzler.com/,
299,hooters,G323 Casual Dining Restaurants,,,,0:04,,,,https://www.hooters.com/,
300,abuelos,G323 Casual Dining Restaurants,,,,2:01,,,,https://www.abuelos.com/,
303,sharis,G323 Casual Dining Restaurants,,,,2:01,,,,https://www.sharis.com/,
305,caribou,G324 Coffee & Donut Restaurants,,,,5:00,,,,https://www.cariboucoffee.com/,
306,johnson,G411 Fishing Tackle & Equipment,,,,1:00,,,,https://www.johnsonfishing.com/,
307,daiwa,G411 Fishing Tackle & Equipment,,,,2:00,,,,https://www.daiwa.com/us/,
308,mustad,G411 Fishing Tackle & Equipment,,,,6:01,,,,https://mustad-fishing.com/,
310,acme,G411 Fishing Tackle & Equipment,,,,7:01,,,,https://www.acmetackle.com/,
311,rio,G411 Fishing Tackle & Equipment,,,,2:01,,,,https://www.rioproducts.com/,
312,ardent,G411 Fishing Tackle & Equipment,,,,8:00,,,,https://ardentoutdoors.com/,
313,shakespeare,G411 Fishing Tackle & Equipment,,,,1:00,,,,https://www.shakespeare-fishing.com/,
314,cabelas,G411 Fishing Tackle & Equipment,,,,4:03,,,,https://www.cabelas.ca/,
315,northland,G411 Fishing Tackle & Equipment,,,,8:00,,,,https://www.northlandtackle.com/,
316,penn,G411 Fishing Tackle & Equipment,,,,3:00,,,,https://www.pennfishing.com/,
317,cortland,G411 Fishing Tackle & Equipment,,,,8:00,,,,https://www.cortlandline.com/,
318,mystic,G411 Fishing Tackle & Equipment,,,,1:01,,,,https://www.mysticoutdoors.com/,
319,gerber,G411 Fishing Tackle & Equipment,,,,4:00,,,,https://www.gerbergear.com/en-us,
320,berkley,G411 Fishing Tackle & Equipment,,,,2:00,,,,https://www.berkley-fishing.com/,
321,rainshadow,G411 Fishing Tackle & Equipment,,,,5:01,,,,https://www.rainshadowrodblanks.com/,
322,smith,"G451 Snow Skis, Boards, Blades & Accessories",,,,3:02,,,,https://www.smithoptics.com/us/,
323,burton,"G451 Snow Skis, Boards, Blades & Accessories",,,,4:05,,,,https://www.burton.com/us/en/home,
325,poc,"G451 Snow Skis, Boards, Blades & Accessories",,,,2:00,,,,https://www.pocsports.com/us/home/,
326,nordica,"G451 Snow Skis, Boards, Blades & Accessories",,,,2:02,,,,https://www.nordica.com/usa/,
327,glade,"G451 Snow Skis, Boards, Blades & Accessories",,,,0:02,,,,https://www.shopglade.com/,
328,coleman,G499 Sporting Goods General Promotion,,,,4:04,,,,https://www.coleman.com/,
329,rawlings,G499 Sporting Goods General Promotion,,,,2:00,,,,https://www.rawlings.com/,
330,newell,G499 Sporting Goods General Promotion,,,,1:01,,,,https://www.newellbrands.com/,
331,obrien,G499 Sporting Goods General Promotion,,,,4:08,,,,https://obrien.com/,
336,giro,G499 Sporting Goods General Promotion,,,,10:03,,,,https://www.giro.com/,
337,polaris,G499 Sporting Goods General Promotion,,,,4:03,,,,https://www.polaris.com/en-us/,
338,macpac,G499 Sporting Goods General Promotion,,,,2:05,,,,https://www.macpac.co.nz/,
340,simmons,G499 Sporting Goods General Promotion,,,,4:00,,,,https://www.simmonssportinggoods.com/,
341,marmot,G499 Sporting Goods General Promotion,,,,9:07,,,,https://www.marmot.com/,
342,mammut,G499 Sporting Goods General Promotion,,,,4:03,,,,https://www.mammut.com/us/en/,
344,rei,G499 Sporting Goods General Promotion,,,,1:02,,,,https://www.rei.com/,
351,bushnell,G499 Sporting Goods General Promotion,,,,3:02,,,,https://www.bushnell.com/,
355,corsair,G511 Elec & Video Games & Sftwr (Excl PC&Net),,,,8:03,,,,https://www.corsair.com/us/en/gaming,
356,xbox,G511 Elec & Video Games & Sftwr (Excl PC&Net),,,,2:01,,,,https://www.xbox.com/en-CA/,
357,microsoft,G511 Elec & Video Games & Sftwr (Excl PC&Net),,,,9:08,,,,https://www.microsoft.com/en-us,
377,baccarat,"H111 Dinnerware, Glassware & Pottery",,,,1:00,,,,https://www.baccarat.com/,
384,riedel,"H111 Dinnerware, Glassware & Pottery",,,,7:03,,,,https://www.riedel.com/en-us,
389,libbey,"H111 Dinnerware, Glassware & Pottery",,,,9:08,,,,https://libbey.com/,
407,tulo,H122 Mattresses & Box Springs,,,,1:02,,,,https://www.tulo.com/,
408,dreamland,H122 Mattresses & Box Springs,,,,2:00,,,,https://www.dreamlandsleepshop.com/,
409,revived,H122 Mattresses & Box Springs,,,,0:01,,,,https://revived365.com/,
410,casper,H122 Mattresses & Box Springs,,,,1:01,,,,https://casper.com/home-v3/?rvcs=1,
412,eight,H122 Mattresses & Box Springs,,,,3:01,,,,https://www.eightsleep.com/,
413,englander,H122 Mattresses & Box Springs,,,,1:03,,,,https://www.englander.com/,
415,agility,H122 Mattresses & Box Springs,,,,0:02,,,,https://agilitybed.com/,
416,america,H122 Mattresses & Box Springs,,,,2:03,,,,https://www.americasmattress.com/national,
419,lull,H122 Mattresses & Box Springs,,,,2:01,,,,https://lull.com/,
420,sealy,H122 Mattresses & Box Springs,,,,1:02,,,,https://www.sealy.com/,
423,talley,H122 Mattresses & Box Springs,,,,3:00,,,,https://www.talleygroup.com/,
429,bassett,H122 Mattresses & Box Springs,,,,1:02,,,,https://www.bassettfurniture.com/,
432,serta,H122 Mattresses & Box Springs,,,,1:01,,,,https://www.serta.com/,
434,essentia,H122 Mattresses & Box Springs,,,,4:02,,,,https://myessentia.ca/#,
435,lucid,H122 Mattresses & Box Springs,,,,3:03,,,,https://lucidmattress.com/,
436,ortho,H122 Mattresses & Box Springs,,,,3:01,,,,https://www.orthomattress.com/,
439,hyphen,H122 Mattresses & Box Springs,,,,0:01,,,,https://hyphensleep.com/,
440,luxi,H122 Mattresses & Box Springs,,,,1:05,,,,https://luxiagi.com/,
442,leesa,H122 Mattresses & Box Springs,,,,4:03,,,,https://www.leesa.com/,
443,liddell,H142 Bedding & Linens,,,,0:01,,,,http://www.liddell-international.com/,
461,welspun,H142 Bedding & Linens,,,,8:06,,,,https://www.welspun.com/,
469,revman,H142 Bedding & Linens,,,,2:01,,,,http://webster.revman.com/about.htm,
476,buffy,H142 Bedding & Linens,,,,6:16,,,,https://buffy.co/,
477,steele,H213 Laundry Equipment,,,,2:00,,,,https://www.steelecanvas.com/,
478,lg,H213 Laundry Equipment,,,,1:06,,,,https://www.lg.com/us,
479,samsung,H213 Laundry Equipment,,,,9:06,,,,https://www.samsung.com/us/,
480,ge,H213 Laundry Equipment,,,,4:04,,,,https://www.geappliances.com/,
482,maytag,H213 Laundry Equipment,,,,3:01,,,,https://www.maytag.com/,
483,kenmore,H213 Laundry Equipment,,,,1:04,,,,https://www.kenmore.com/,
489,acdelco,H310 Household Batteries,,,,2:02,,,,https://www.acdelco.com/,
492,saft,H310 Household Batteries,,,,1:01,,,,https://www.saftbatteries.com/,
495,interstate,H310 Household Batteries,,,,4:04,,,,https://www.interstatebatteries.com/,
496,apc,H310 Household Batteries,,,,7:04,,,,https://www.apc.com/us/en/,
498,hefty,H339 Household Paper Products: Comb & NEC,,,,1:00,,,,https://www.hefty.com/,
501,bounty,H339 Household Paper Products: Comb & NEC,,,,0:02,,,,https://bountytowels.com/en-us,
506,kleenex,H339 Household Paper Products: Comb & NEC,,,,1:04,,,,https://www.kleenex.com/en-us/,
509,palmolive,H413 Dishwashing Detergents,,,,1:00,,,,https://www.palmolive.com/en-us,
512,clr,H432 Multipurpose Cleaners (Cleansers),,,,1:03,,,,https://clrbrands.com/,
513,sos,H432 Multipurpose Cleaners (Cleansers),,,,0:02,,,,https://www.sosclorox.com/,
514,liftmaster,H625 Security & Fire Safety Systems,,,,1:00,,,,https://www.liftmaster.com/?clear=true,
516,bosch,H625 Security & Fire Safety Systems,,,,4:04,,,,https://www.boschsecurity.com/us/en/,
521,hid,H625 Security & Fire Safety Systems,,,,3:02,,,,https://www.hidglobal.com/,
522,pilz,H625 Security & Fire Safety Systems,,,,9:02,,,,https://www.pilz.com/en-US,
526,mcdermott,H625 Security & Fire Safety Systems,,,,3:00,,,,https://www.mcdermott.com/,
527,bullard,H625 Security & Fire Safety Systems,,,,11:02,,,,https://www.bullard.com/,
532,swann,H625 Security & Fire Safety Systems,,,,3:02,,,,https://www.swann.com/us/,
534,consilium,H625 Security & Fire Safety Systems,,,,5:01,,,,https://www.consiliumsafety.com/en/,
538,vicon,H625 Security & Fire Safety Systems,,,,3:00,,,,https://www.vicon-security.com/,
542,honeywell,H625 Security & Fire Safety Systems,,,,1:01,,,,https://www.honeywell.com/,
549,adt,H625 Security & Fire Safety Systems,,,,2:00,,,,https://www.adt.com/,
552,msa,H625 Security & Fire Safety Systems,,,,13:02,,,,https://us.msasafety.com/?locale=en&default=1&regionIso=US,
553,rockwool,H625 Security & Fire Safety Systems,,,,5:05,,,,https://www.rockwool.com/,
554,hanwha,H625 Security & Fire Safety Systems,,,,1:04,,,,https://www.hanwhasecurity.com/,
556,kidde,H625 Security & Fire Safety Systems,,,,3:02,,,,https://www.kidde.com/home-safety/en/us/,
558,vivint,H625 Security & Fire Safety Systems,,,,1:01,,,,https://www.vivint.com/,
560,rki,H625 Security & Fire Safety Systems,,,,3:00,,,,https://www.rkiinstruments.com/,
561,schlage,H625 Security & Fire Safety Systems,,,,0:01,,,,https://www.schlage.com/en/home.html,
569,aperio,H625 Security & Fire Safety Systems,,,,2:00,,,,https://www.aperio-systems.com/,
571,lutron,H625 Security & Fire Safety Systems,,,,0:01,,,,http://www.lutron.com/en-US/pages/default.aspx,
573,dahua,H625 Security & Fire Safety Systems,,,,3:02,,,,https://www.dahuasecurity.com/,
574,qmi,H625 Security & Fire Safety Systems,,,,3:02,,,,https://qmiusa.com/,
576,kwikset,H625 Security & Fire Safety Systems,,,,10:07,,,,https://www.kwikset.com/,
581,drager,H625 Security & Fire Safety Systems,,,,12:04,,,,https://www.draeger.com/en-us_us/Home,
590,daymark,H625 Security & Fire Safety Systems,,,,1:02,,,,https://www.daymarksafety.com/,
593,comex,H631 Paint,,,,6:07,,,,https://www.comex.com.mx/,
595,dap,H631 Paint,,,,4:01,,,,https://www.dap.com/,
598,valspar,H631 Paint,,,,2:00,,,,https://www.valspar.com/,
600,behr,H631 Paint,,,,3:06,,,,https://www.behr.ca/consumer,
601,glidden,H631 Paint,,,,4:03,,,,https://www.glidden.com/,
602,jayco,"T139 Vehicles, Sales & Leasing: Comb Copy&NEC",,,,1:01,,,,https://www.jayco.com/,
604,dutchmen,"T139 Vehicles, Sales & Leasing: Comb Copy&NEC",,,,6:03,,,,https://www.dutchmen.com/,
611,tiffin,"T139 Vehicles, Sales & Leasing: Comb Copy&NEC",,,,3:02,,,,https://tiffinmotorhomes.com/,
612,winnebago,"T139 Vehicles, Sales & Leasing: Comb Copy&NEC",,,,3:02,,,,https://winnebagoind.com/,
613,newmar,"T139 Vehicles, Sales & Leasing: Comb Copy&NEC",,,,6:04,,,,https://www.newmarcorp.com/,
621,flagship,T412 Cruise Ship Travel,,,,11:09,,,,https://www.flagshipsd.com/,
622,atlantis,T412 Cruise Ship Travel,,,,14:00,,,,https://atlantisevents.com/,
625,argosy,T412 Cruise Ship Travel,,,,2:02,,,,https://www.argosycruises.com/,
629,windstar,T412 Cruise Ship Travel,,,,3:02,,,,https://www.windstarcruises.com/,
630,oceania,T412 Cruise Ship Travel,,,,6:04,,,,https://www.oceaniacruises.com/,
634,cunard,T412 Cruise Ship Travel,,,,0:02,,,,https://www.cunard.com/en-us,
636,electra,T412 Cruise Ship Travel,,,,11:09,,,,http://www.electracruises.com/,
638,vistajet,T421 Travel Services,,,,0:01,,,,https://www.vistajet.com/en/,
639,alitalia,T421 Travel Services,,,,1:02,,,,https://www.alitalia.com/en_en/homepage.html,
645,priv,V131 Beauty Shops,,,,4:10,,,,https://gopriv.com/,
